"ObsNo","Female","Age_Group","Education","Region","Pol_Interest","Econ_Ideology","Pol_Ideology","Party_Member","Urban","Participation","Participate_Binary","Participate_Pol","Participate_Ent","Participate_Ina","Censor_Support","Censor_Pol_Support","Censor_Ent_Support","Responsibility_Gov","Gov_Assess","calibWeight"
1,0,3,4,1,3,3,4,0,1,3,1,3,3,3,4,3,4,8,4,0.222419929
2,0,2,3,2,1,2,3,0,0,1,0,1,1,1,2,2,4,3,4,0.222419929
3,0,2,3,2,4,3,3,0,1,1,0,1,1,1,3,4,4,6,3,0.222419929
4,1,3,4,4,4,5,2,1,1,2,1,1,1,2,2,4,2,7,4,0.222419929
5,0,3,4,2,5,4,1,1,1,4,1,4,1,4,4,5,4,3,4,0.222419929
6,1,2,4,4,5,4,3,0,1,2,1,1,1,2,5,5,5,10,5,0.222419929
7,1,NA,4,1,3,5,1,0,NA,1,0,1,1,1,2,4,3,3,4,0.224034476
8,0,2,4,6,4,2,2,0,1,1,0,1,1,1,1,4,3,2,2,0.222419929
9,0,2,4,4,4,1,1,0,1,2,1,1,1,2,1,5,5,7,2,0.222419929
10,0,3,4,2,4,4,1,0,1,3,1,3,3,3,5,4,5,3,5,0.222419929
11,0,4,4,2,4,4,5,0,1,1,0,1,1,1,3,5,4,5,4,0.222419929
12,1,2,4,1,6,4,4,1,1,1,0,1,1,1,5,4,4,5,5,0.501949734
13,1,2,4,1,1,2,3,0,0,3,1,1,1,3,1,4,1,1,3,0.222419929
14,1,4,4,6,4,3,3,0,1,2,1,1,1,2,2,5,3,2,4,0.222419929
15,0,4,4,2,3,5,4,0,1,1,0,1,1,1,2,2,2,3,4,0.222419929
16,1,3,4,1,4,4,2,0,1,1,0,1,1,1,3,4,4,2,4,0.707379899
17,0,3,4,4,5,3,5,0,1,2,1,1,1,2,5,5,5,10,5,0.222419929
18,0,4,3,5,3,5,5,0,1,1,0,1,1,1,3,3,1,3,3,0.222419929
19,0,3,3,1,2,4,2,0,1,4,1,4,1,4,5,5,4,3,4,0.222419929
20,0,3,4,1,4,5,5,1,1,1,0,1,1,1,4,4,4,5,5,0.222419929
21,1,3,4,3,5,1,1,0,1,1,0,1,1,1,1,5,5,10,1,0.232173727
22,0,4,4,5,3,4,4,0,1,1,0,1,1,1,3,2,2,3,4,0.222419929
23,1,3,4,5,4,2,2,1,1,1,0,1,1,1,1,2,4,3,2,0.232173727
24,1,3,3,2,4,3,2,0,1,1,0,1,1,1,3,4,4,5,4,0.222419929
25,1,3,4,2,5,2,5,0,1,2,1,1,1,2,4,3,2,4,4,0.222419929
26,0,2,3,2,3,4,2,0,1,3,1,1,3,1,4,4,4,5,4,0.222419929
27,0,3,4,1,4,2,4,0,1,2,1,1,1,2,1,2,2,2,2,0.222419929
28,0,2,4,3,6,4,1,1,1,5,1,5,1,5,5,5,4,4,5,0.222419929
29,1,4,3,2,5,5,5,0,1,1,0,1,1,1,3,3,3,2,4,0.222419929
30,1,3,4,1,3,5,3,0,1,1,0,1,1,1,4,3,4,4,5,0.707379899
31,0,2,2,2,1,5,3,0,0,2,1,2,2,2,3,3,3,3,5,0.232238469
32,0,3,4,1,4,5,5,0,1,1,0,1,1,1,5,5,1,1,5,0.222419929
33,0,3,4,4,5,5,1,0,1,1,0,1,1,1,2,5,4,5,2,0.222419929
34,0,2,4,4,4,4,1,0,1,4,1,4,4,4,5,5,4,3,5,0.222419929
35,1,3,4,3,6,4,4,0,1,3,1,3,1,1,1,4,4,3,4,0.232173727
36,0,3,4,1,5,5,2,1,1,4,1,4,4,4,4,3,4,3,3,0.222419929
37,0,2,4,6,5,3,5,0,0,2,1,1,1,2,3,2,1,0,5,0.222419929
38,1,4,4,6,4,4,3,0,1,3,1,3,1,3,1,5,2,5,4,0.222419929
39,0,4,3,1,6,4,4,0,1,3,1,1,1,3,4,4,3,5,3,0.222419929
40,0,3,5,3,5,5,3,0,1,1,0,1,1,1,3,4,3,5,4,0.222419929
41,1,4,5,3,6,5,5,1,1,2,1,1,1,2,4,2,4,3,4,0.232173727
42,0,3,3,5,3,3,3,0,1,4,1,1,1,4,2,4,4,3,3,0.222419929
43,0,2,4,2,3,5,1,0,1,4,1,4,1,4,4,4,3,3,4,0.222419929
44,1,3,4,1,4,4,2,0,1,1,0,1,1,1,4,4,4,3,4,0.707379899
45,1,4,4,3,5,4,4,0,1,1,0,1,1,1,3,3,2,5,4,0.232173727
46,1,3,4,2,6,4,NA,0,0,1,0,1,1,1,4,5,4,5,5,0.222419929
47,1,3,4,1,6,4,3,0,1,1,0,1,1,1,3,3,3,5,4,0.707379899
48,0,2,3,1,3,4,2,1,1,4,1,4,4,4,5,5,4,5,5,0.222419929
49,0,2,3,3,4,2,2,1,0,1,0,1,1,1,4,4,4,4,4,0.222419929
50,0,3,3,1,4,3,3,0,1,3,1,3,3,3,4,4,3,5,4,0.222419929
51,0,3,3,2,3,4,2,1,1,4,1,4,4,1,4,4,4,2,4,0.222419929
52,0,3,4,1,2,5,2,0,1,4,1,4,1,4,3,3,4,2,4,0.222419929
53,0,2,3,3,4,2,4,0,1,3,1,1,1,3,2,3,4,3,3,0.222419929
54,1,3,4,6,4,4,5,0,1,1,0,1,1,1,3,3,3,3,4,0.222419929
55,0,4,4,2,2,4,3,0,1,1,0,1,1,1,3,4,3,4,4,0.222419929
56,0,2,4,3,2,4,1,1,1,4,1,4,4,4,5,4,4,3,5,0.222419929
57,1,3,4,4,4,4,3,1,1,1,0,1,1,1,3,4,2,1,4,0.222419929
58,1,3,3,4,4,3,2,0,1,1,0,1,1,1,5,4,5,5,4,0.222419929
59,0,2,4,3,3,4,3,1,1,2,1,2,1,1,3,2,4,3,5,0.222419929
60,1,2,3,3,3,5,2,1,1,4,1,4,4,4,4,4,4,3,4,0.232173727
61,0,3,2,3,1,4,5,1,1,5,1,5,1,5,5,NA,3,3,2,3.511892077
62,0,2,2,3,2,4,4,1,1,5,1,1,5,5,3,4,5,3,4,3.511892077
63,0,3,2,3,2,4,5,0,1,5,1,5,1,5,4,4,4,6,4,3.511892077
64,0,2,2,3,1,4,5,0,1,5,1,5,5,5,4,5,NA,3,5,3.511892077
65,0,3,4,5,2,4,3,1,1,1,0,1,1,1,4,3,5,2,5,0.222419929
66,1,3,4,2,3,4,NA,0,0,3,1,3,3,1,3,5,2,2,5,0.222419929
67,1,2,4,3,5,2,5,0,1,4,1,1,1,4,3,3,2,4,3,0.232173727
68,0,2,4,3,3,3,3,0,1,3,1,1,1,3,4,4,4,7,4,0.222419929
69,0,3,4,3,6,4,2,0,1,3,1,3,3,3,4,3,2,2,5,0.222419929
70,0,2,3,2,2,4,3,0,0,2,1,1,1,2,4,3,3,3,3,0.222419929
71,0,2,3,3,2,5,3,0,1,1,0,1,1,1,4,4,3,3,4,0.222419929
72,0,2,4,1,4,3,3,1,1,1,0,1,1,1,3,3,2,3,4,0.222419929
73,1,3,4,1,3,3,1,1,1,3,1,1,3,3,4,5,4,6,2,0.707379899
74,0,3,4,2,2,3,3,0,1,1,0,1,1,1,3,3,2,4,5,0.222419929
75,0,2,4,3,3,4,2,0,1,1,0,1,1,1,4,4,2,4,4,0.222419929
76,0,2,3,3,3,2,4,0,1,1,0,1,1,1,4,2,3,4,3,0.222419929
77,1,3,4,2,3,3,3,1,1,3,1,3,1,3,3,3,5,5,3,0.222419929
78,0,2,3,2,3,3,2,0,0,3,1,3,3,3,3,3,3,3,3,0.222419929
79,0,2,3,2,4,3,3,0,0,2,1,1,2,2,2,3,3,4,4,0.222419929
80,0,2,2,3,3,4,3,0,0,2,1,1,2,2,2,3,2,4,3,0.299543499
81,0,2,3,4,4,3,3,0,0,3,1,3,3,3,3,4,3,3,3,0.222419929
82,1,2,4,2,3,4,2,0,1,1,0,1,1,1,4,4,2,3,4,0.222419929
83,0,2,3,2,4,3,5,0,1,1,0,1,1,1,3,3,1,3,4,0.222419929
84,0,4,4,1,3,3,2,0,1,2,1,1,1,2,4,4,5,4,4,0.222419929
85,1,3,4,2,2,5,2,1,1,1,0,1,1,1,5,5,5,4,4,0.222419929
86,1,3,4,2,4,3,2,0,1,1,0,1,1,1,3,4,3,4,4,0.222419929
87,1,3,3,3,2,3,2,1,1,4,1,1,4,4,5,4,3,5,3,0.232173727
88,0,2,4,2,4,2,3,1,1,1,0,1,1,1,3,2,3,5,3,0.222419929
89,1,3,4,1,2,3,4,0,0,1,0,1,1,1,3,4,3,4,4,0.222419929
90,0,2,4,1,2,3,3,0,1,1,0,1,1,1,4,4,4,3,4,0.222419929
91,0,3,4,2,5,3,2,0,1,1,0,1,1,1,3,4,2,2,4,0.222419929
92,0,4,4,3,2,4,4,1,0,3,1,3,1,3,4,4,4,2,4,0.222419929
93,0,2,3,1,4,3,4,1,1,1,0,1,1,1,4,3,3,4,4,0.222419929
94,0,3,4,1,4,4,3,1,1,4,1,1,4,4,4,4,5,3,4,0.222419929
95,0,2,4,2,2,4,2,0,1,1,0,1,1,1,3,4,3,2,4,0.222419929
96,0,2,4,1,2,4,3,0,1,1,0,1,1,1,3,3,4,4,4,0.222419929
97,0,2,4,1,3,3,2,0,1,2,1,1,1,2,4,4,3,5,3,0.222419929
98,1,3,4,3,2,3,3,0,1,1,0,1,1,1,2,2,3,2,4,0.232173727
99,1,3,4,2,4,3,3,0,1,1,0,1,1,1,3,3,3,3,4,0.222419929
100,1,3,4,2,4,3,3,0,1,1,0,1,1,1,3,4,3,4,3,0.222419929
101,1,3,4,6,4,3,3,0,1,1,0,1,1,1,3,3,3,3,4,0.222419929
102,0,3,4,1,4,4,1,1,1,4,1,1,4,4,4,4,4,5,4,0.222419929
103,0,3,4,1,4,3,2,0,1,1,0,1,1,1,2,4,2,5,4,0.222419929
104,0,3,4,2,2,3,3,0,1,1,0,1,1,1,3,3,4,4,3,0.222419929
105,0,2,3,4,3,5,4,0,0,3,1,3,1,3,2,3,2,1,5,0.222419929
106,0,4,4,1,3,3,2,0,0,3,1,3,1,3,4,4,3,5,3,0.222419929
107,1,3,4,3,4,3,3,1,1,1,0,1,1,1,3,3,3,3,3,0.232173727
108,0,2,4,3,5,5,4,0,0,4,1,4,1,4,4,4,1,2,5,0.222419929
109,1,2,3,3,5,3,2,0,0,1,0,1,1,1,5,4,2,4,3,0.222419929
110,0,4,4,3,2,4,2,1,1,5,1,5,5,1,2,4,4,3,4,0.222419929
111,0,4,4,3,3,4,2,1,0,3,1,3,3,3,4,4,4,2,4,0.222419929
112,1,2,4,2,5,5,4,0,0,1,0,1,1,1,4,2,4,4,5,0.222419929
113,0,3,3,5,1,NA,2,1,1,NA,NA,NA,NA,NA,1,2,2,5,3,0.222419929
114,0,4,3,5,1,4,2,0,1,NA,NA,NA,NA,NA,3,3,4,3,NA,0.222419929
115,1,3,2,4,4,4,4,0,0,2,1,1,1,2,4,3,2,4,2,2.565117498
116,1,2,2,1,3,3,4,0,0,2,1,1,1,2,4,4,3,6,4,3.558718861
117,1,3,2,5,2,4,2,0,1,2,1,2,2,2,3,3,4,5,4,3.558718861
118,0,1,2,1,1,3,3,0,0,5,1,5,5,5,3,3,1,5,3,2.072789484
119,1,1,2,6,4,4,2,0,1,1,0,1,1,1,2,4,4,3,5,3.558718861
120,0,3,2,3,4,3,3,0,0,1,0,1,1,1,4,3,3,5,4,0.456357405
121,1,3,2,5,2,3,2,0,1,1,0,1,1,1,3,3,4,3,4,3.558718861
122,0,3,2,6,5,3,2,0,0,4,1,4,4,4,4,4,4,5,3,0.232238469
123,0,3,2,6,5,5,3,0,1,4,1,4,1,4,2,4,4,4,2,3.412350848
124,0,1,2,2,5,4,1,0,1,3,1,3,1,3,4,5,4,3,4,3.214676079
125,0,1,2,2,5,4,2,0,1,2,1,2,1,2,4,4,4,3,4,3.214676079
126,1,1,1,2,4,2,5,0,1,1,0,1,1,1,NA,1,NA,4,2,3.558718861
127,0,1,2,2,1,4,4,0,1,3,1,1,3,3,4,3,1,3,4,3.214676079
128,0,1,2,4,5,3,3,0,1,1,0,1,1,1,2,5,5,5,2,3.214676079
129,1,1,2,1,4,3,3,0,1,1,0,1,1,1,3,3,3,4,4,3.558718861
130,1,2,3,4,6,5,4,1,1,1,0,1,1,1,5,4,4,6,5,0.222419929
131,1,2,3,2,4,2,2,0,1,1,0,1,1,1,2,5,3,4,3,0.222419929
132,1,2,3,2,6,5,1,0,1,5,1,5,5,5,4,5,4,2,5,0.222419929
133,1,2,3,1,5,5,1,0,1,4,1,4,1,4,4,5,4,4,5,0.501949734
134,1,2,3,4,4,4,4,0,1,2,1,2,1,2,2,1,4,2,4,0.222419929
135,0,1,2,2,3,4,2,0,1,3,1,3,1,3,2,2,2,0,5,3.214676079
136,1,2,1,2,1,3,3,NA,0,2,1,1,1,2,3,2,4,3,4,1.683689717
137,1,2,3,2,2,3,4,0,0,2,1,2,2,2,2,2,3,3,3,0.222419929
138,1,2,3,4,4,5,3,0,0,2,1,1,1,2,2,4,3,2,5,0.222419929
139,1,2,3,1,4,4,3,0,1,2,1,1,1,2,3,3,4,4,4,0.501949734
140,1,2,3,6,5,3,3,0,0,1,0,1,1,1,3,3,3,8,3,0.222419929
141,1,2,3,4,5,3,3,0,1,4,1,4,1,4,3,3,3,8,3,0.222419929
142,1,2,3,2,3,3,3,0,0,3,1,3,1,3,3,5,5,4,4,0.222419929
143,1,2,3,2,3,3,2,0,1,4,1,1,1,4,3,4,3,4,3,0.222419929
144,1,2,4,4,6,3,3,0,1,1,0,1,1,1,3,3,3,5,5,0.222419929
145,0,2,4,4,5,3,2,1,1,1,0,1,1,1,5,4,2,1,5,0.222419929
146,1,3,3,4,4,4,3,0,1,3,1,1,1,3,3,4,2,4,4,0.222419929
147,1,2,3,4,6,1,5,0,1,2,1,1,1,2,5,5,1,3,5,0.222419929
148,1,3,4,1,5,5,2,0,1,4,1,4,4,1,4,4,5,3,4,0.707379899
149,1,2,3,3,4,5,3,1,1,1,0,1,1,1,2,4,2,2,4,0.232173727
150,1,3,4,4,5,5,2,0,1,1,0,1,1,1,4,5,5,5,5,0.222419929
151,0,3,4,3,3,5,5,0,1,1,0,1,1,1,5,4,2,3,5,0.222419929
152,1,4,4,5,5,4,4,1,1,1,0,1,1,1,4,2,3,5,4,0.232173727
153,0,4,4,2,4,4,5,0,1,1,0,1,1,1,4,4,1,5,3,0.222419929
154,0,3,4,3,5,2,4,0,1,1,0,1,1,1,4,2,2,5,5,0.222419929
155,1,2,4,3,4,3,5,0,1,1,0,1,1,1,2,3,2,3,4,0.232173727
156,0,2,4,6,5,2,3,0,1,1,0,1,1,1,2,5,5,3,5,0.222419929
157,0,3,4,3,5,2,4,0,1,1,0,1,1,1,4,2,4,7,5,0.222419929
158,0,4,2,3,5,2,5,0,1,1,0,1,1,1,3,4,3,5,4,3.511892077
159,1,3,2,3,3,2,3,0,0,1,0,1,1,1,4,4,2,3,5,3.558718861
160,0,3,5,1,4,5,5,1,1,3,1,1,1,3,5,1,2,4,4,0.222419929
161,1,3,3,1,3,1,2,0,0,1,0,1,1,1,1,2,1,0,5,0.222419929
162,0,4,3,3,6,4,5,0,1,2,1,1,1,2,2,5,1,1,5,0.222419929
163,0,3,4,3,6,4,2,0,1,1,0,1,1,1,2,4,2,2,3,0.222419929
164,1,2,2,2,1,3,2,1,0,1,0,1,1,1,3,3,3,5,3,1.683689717
165,0,3,4,4,5,4,4,0,0,3,1,3,1,3,3,4,2,5,4,0.222419929
166,0,2,4,2,4,5,1,0,1,3,1,3,1,3,5,5,5,4,4,0.222419929
167,0,4,4,2,4,4,5,0,1,1,0,1,1,1,2,4,4,5,4,0.222419929
168,0,3,4,6,5,3,4,0,1,1,0,1,1,1,4,2,2,3,4,0.222419929
169,1,2,2,5,2,3,3,0,0,1,0,1,1,1,4,4,3,7,4,3.558718861
170,1,2,4,5,3,3,3,1,1,3,1,3,1,3,3,4,1,6,3,0.232173727
171,1,2,4,1,6,5,4,1,1,1,0,1,1,1,5,5,5,7,5,0.501949734
172,0,4,4,5,4,3,3,0,1,3,1,3,1,3,2,3,2,2,4,0.222419929
173,0,3,4,2,6,2,2,1,1,5,1,5,5,5,5,5,5,2,5,0.222419929
174,0,2,4,6,2,3,3,0,1,2,1,1,1,2,3,3,3,4,5,0.222419929
175,0,3,3,5,2,1,5,0,1,4,1,4,4,4,2,1,2,1,4,0.222419929
176,1,3,4,1,3,3,2,0,1,4,1,4,4,1,5,3,4,3,3,0.707379899
177,0,3,4,6,5,3,4,0,1,1,0,1,1,1,3,2,4,6,4,0.222419929
178,0,2,4,3,2,4,5,0,0,1,0,1,1,1,4,4,4,4,4,0.222419929
179,1,3,4,2,4,5,1,1,1,5,1,5,5,5,5,5,5,3,5,0.222419929
180,1,3,3,4,3,4,4,0,0,1,0,1,1,1,2,4,1,2,5,0.222419929
181,1,2,4,4,5,5,1,1,1,4,1,4,4,4,5,4,5,3,5,0.222419929
182,0,3,4,5,5,2,4,0,1,1,0,1,1,1,4,2,2,6,4,0.222419929
183,0,2,4,3,5,5,1,0,1,4,1,4,1,4,5,2,1,2,5,0.222419929
184,0,4,2,6,3,4,3,0,1,2,1,2,2,2,5,4,4,5,5,3.412350848
185,1,4,2,1,1,4,3,0,1,2,1,1,2,1,5,NA,3,1,4,3.558718861
186,0,3,5,4,5,5,2,1,1,3,1,3,1,3,5,5,4,3,4,0.222419929
187,0,2,4,3,4,2,5,1,1,1,0,1,1,1,2,2,2,3,4,0.222419929
188,0,4,3,3,3,3,4,0,0,1,0,1,1,1,2,4,2,7,5,0.222419929
189,1,NA,3,1,5,5,4,0,NA,1,0,1,1,1,4,3,1,3,4,0.224034476
190,1,4,3,2,5,4,5,0,1,1,0,1,1,1,3,2,3,3,4,0.222419929
191,1,3,4,2,3,4,2,0,1,1,0,1,1,1,3,3,3,3,3,0.222419929
192,0,3,4,3,4,5,2,1,1,3,1,3,3,3,4,5,NA,5,5,0.222419929
193,0,5,4,3,3,3,4,0,1,1,0,1,1,1,4,4,3,1,4,0.222419929
194,0,3,4,2,4,5,2,1,1,4,1,4,1,4,5,5,4,4,5,0.222419929
195,0,3,4,2,4,5,3,0,1,2,1,1,1,2,3,3,1,2,4,0.222419929
196,1,3,4,4,5,4,4,0,1,2,1,1,1,2,4,3,2,3,4,0.222419929
197,0,2,4,2,4,3,3,0,1,2,1,1,1,2,1,2,3,3,4,0.222419929
198,1,2,4,4,5,1,4,0,0,2,1,1,2,2,4,3,2,3,5,0.222419929
199,0,3,4,2,6,5,5,0,0,2,1,1,1,2,3,2,2,3,5,0.222419929
200,0,2,3,3,2,4,2,0,1,2,1,1,1,2,4,4,4,3,4,0.222419929
201,0,3,3,2,3,4,3,0,1,4,1,4,4,4,3,2,4,1,4,0.222419929
202,0,3,4,2,3,4,5,0,1,1,0,1,1,1,2,1,1,4,3,0.222419929
203,0,3,5,6,3,5,2,1,1,1,0,1,1,1,2,4,1,6,3,0.222419929
204,1,3,4,4,4,2,4,1,0,1,0,1,1,1,4,2,2,5,4,0.222419929
205,0,4,5,5,4,4,1,1,1,3,1,3,3,3,5,5,4,3,5,0.222419929
206,1,3,4,4,2,4,3,0,0,2,1,1,1,2,3,4,4,6,4,0.222419929
207,0,3,4,6,3,3,5,0,1,1,0,1,1,1,3,3,2,2,2,0.222419929
208,0,3,4,3,5,5,5,0,1,2,1,1,1,2,5,5,1,3,5,0.222419929
209,0,3,4,1,5,3,5,1,1,3,1,3,1,3,4,3,2,4,5,0.222419929
210,1,4,4,1,2,1,3,0,1,1,0,1,1,1,3,4,2,4,4,0.56609755
211,1,3,4,3,3,4,4,1,0,2,1,1,1,2,2,2,4,5,3,0.222419929
212,0,3,4,3,3,4,4,0,1,2,1,1,1,2,3,2,2,5,4,0.222419929
213,1,2,4,1,5,3,4,0,0,2,1,1,1,2,2,3,3,3,2,0.222419929
214,0,3,1,3,4,3,3,1,0,3,1,1,1,3,3,3,3,0,NA,0.456357405
215,0,2,4,2,5,5,1,1,1,4,1,4,4,4,5,5,4,4,5,0.222419929
216,0,3,4,3,3,3,2,0,1,4,1,4,4,1,4,4,3,2,4,0.222419929
217,0,2,4,2,6,4,3,0,1,1,0,1,1,1,2,2,2,4,4,0.222419929
218,0,2,4,1,3,4,4,0,0,4,1,1,1,4,2,2,1,2,2,0.222419929
219,0,2,4,3,3,3,3,0,1,4,1,1,1,4,4,4,2,5,3,0.222419929
220,0,4,3,3,4,4,3,0,1,3,1,1,1,3,3,3,3,4,3,0.222419929
221,0,3,4,3,2,2,5,1,1,1,0,1,1,1,2,3,3,5,3,0.222419929
222,0,3,5,6,4,5,1,1,1,4,1,4,4,1,5,5,5,3,5,0.222419929
223,0,2,4,2,3,5,3,0,1,3,1,3,1,3,3,3,4,3,4,0.222419929
224,0,3,5,4,4,2,3,0,1,3,1,3,3,3,3,3,2,5,3,0.222419929
225,0,NA,4,1,6,3,3,0,NA,1,0,1,1,1,3,5,5,4,5,0.222419929
226,1,3,4,2,6,5,5,0,1,3,1,3,1,1,3,4,3,5,4,0.222419929
227,0,2,4,4,3,5,4,0,1,2,1,1,1,2,2,4,2,3,5,0.222419929
228,0,3,4,3,4,4,3,0,1,4,1,4,1,4,4,4,3,1,3,0.222419929
229,1,NA,4,2,6,3,3,0,NA,1,0,1,1,1,3,3,3,2,3,0.222419929
230,0,3,4,3,3,2,4,0,1,4,1,1,1,4,3,3,3,2,3,0.222419929
231,0,3,4,5,5,5,1,1,1,3,1,3,3,3,5,4,5,3,5,0.222419929
232,1,2,3,3,2,5,1,0,1,3,1,3,3,3,3,3,3,5,5,0.232173727
233,1,NA,4,3,6,3,3,0,NA,1,0,1,1,1,3,3,3,3,3,0.223662851
234,1,NA,4,4,5,3,3,0,NA,1,0,1,1,1,3,3,3,3,3,0.222419929
235,0,3,4,4,4,4,4,0,1,4,1,4,1,4,3,4,3,2,4,0.222419929
236,0,3,4,3,3,2,3,0,1,3,1,1,3,3,4,3,3,3,4,0.222419929
237,0,3,4,1,5,4,5,0,1,4,1,1,4,4,5,4,3,3,4,0.222419929
238,0,4,4,1,6,5,5,0,1,1,0,1,1,1,5,4,1,2,4,0.222419929
239,0,4,5,1,5,4,1,1,1,3,1,3,3,3,5,5,5,4,5,0.222419929
240,0,4,4,6,4,4,5,0,1,1,0,1,1,1,4,4,2,5,4,0.222419929
241,1,4,1,3,5,3,1,0,0,2,1,1,1,2,3,5,5,5,5,3.558718861
242,0,3,3,1,5,5,2,0,1,1,0,1,1,1,4,3,4,3,5,0.222419929
243,1,3,4,1,6,4,3,0,1,1,0,1,1,1,3,3,3,3,4,0.707379899
244,0,3,3,1,6,3,4,0,1,3,1,1,1,3,4,4,3,6,3,0.222419929
245,0,2,4,3,3,3,2,0,1,4,1,4,1,4,4,4,4,4,4,0.222419929
246,0,2,4,1,5,4,2,0,1,1,0,1,1,1,2,4,2,6,3,0.222419929
247,0,2,5,1,4,4,1,1,1,3,1,3,3,3,4,5,5,3,5,0.222419929
248,1,2,4,1,3,5,1,0,1,3,1,3,3,1,4,5,5,7,5,0.501949734
249,0,NA,4,1,5,4,2,0,1,4,1,4,4,1,4,4,4,3,4,0.222419929
250,0,2,4,2,3,5,4,0,1,3,1,3,1,1,3,3,NA,3,5,0.222419929
251,1,3,4,3,3,3,5,0,1,3,1,1,1,3,3,1,2,2,4,0.232173727
252,0,2,4,6,5,5,3,0,1,2,1,1,1,2,3,2,2,5,3,0.222419929
253,0,NA,4,2,6,5,5,0,NA,2,1,2,1,2,5,2,1,3,5,0.222419929
254,0,3,4,1,3,3,1,0,0,2,1,1,1,2,3,3,2,3,3,0.222419929
255,0,2,3,6,2,2,2,0,0,1,0,1,1,1,3,2,4,3,4,0.222419929
256,1,2,4,4,4,3,3,0,1,1,0,1,1,1,2,3,2,1,4,0.222419929
257,0,3,3,1,6,4,2,0,1,2,1,2,2,1,4,4,3,5,5,0.222419929
258,1,3,3,4,4,3,5,0,0,1,0,1,1,1,5,5,2,3,5,0.222419929
259,0,3,5,1,6,4,5,0,1,1,0,1,1,1,1,3,1,2,5,0.222419929
260,1,4,4,5,4,5,1,0,1,1,0,1,1,1,4,4,4,3,4,0.232173727
261,0,NA,3,4,2,5,4,0,NA,4,1,1,4,4,5,1,2,3,5,0.222419929
262,1,3,4,4,2,4,2,1,0,3,1,1,1,3,2,4,3,5,4,0.222419929
263,1,2,3,3,2,3,3,0,1,2,1,2,2,2,3,4,3,5,4,0.232173727
264,0,3,4,3,4,4,3,0,1,1,0,1,1,1,4,3,4,0,3,0.222419929
265,0,2,4,3,4,3,5,0,1,3,1,3,1,3,3,4,4,3,4,0.222419929
266,1,3,4,2,5,4,1,0,1,4,1,1,1,4,5,4,4,4,4,0.222419929
267,1,3,4,2,3,1,3,0,0,3,1,1,1,3,2,4,2,3,1,0.222419929
268,0,4,4,5,2,2,3,0,1,2,1,1,1,2,3,4,3,6,3,0.222419929
269,1,1,3,3,2,4,2,0,1,4,1,4,4,4,3,3,3,4,5,0.232173727
270,0,2,4,5,6,4,3,0,1,1,0,1,1,1,3,2,2,5,4,0.222419929
271,0,2,3,2,5,1,5,0,0,3,1,3,1,1,1,2,2,3,2,0.222419929
272,1,2,3,3,2,3,1,0,1,3,1,3,3,3,3,3,4,6,5,0.232173727
273,1,2,4,3,2,2,3,0,0,2,1,2,1,2,2,2,2,5,4,0.222419929
274,1,1,2,3,5,4,5,0,0,2,1,1,2,2,3,1,1,2,4,3.558718861
275,0,2,2,1,1,5,1,0,1,2,1,1,1,2,5,4,1,6,5,3.511892077
276,0,1,2,2,1,3,2,0,0,1,0,1,1,1,3,3,3,2,2,0.232238469
277,1,NA,4,5,5,3,3,0,1,1,0,1,1,1,3,3,3,5,3,0.232173727
278,1,2,3,3,4,4,1,0,1,4,1,4,4,4,3,3,3,5,5,0.232173727
279,0,4,4,3,5,2,4,1,0,2,1,2,1,2,3,3,1,3,5,0.222419929
280,0,5,4,3,5,5,3,0,1,2,1,1,1,2,4,3,4,5,5,0.222419929
281,1,3,4,3,5,4,3,0,1,1,0,1,1,1,3,3,4,2,4,0.232173727
282,1,2,1,2,2,3,1,0,0,1,0,1,1,1,3,4,2,2,4,1.683689717
283,1,3,4,3,5,4,3,0,1,2,1,1,2,2,4,2,1,2,4,0.232173727
284,1,2,4,3,4,5,5,0,1,3,1,3,1,3,4,4,4,3,5,0.232173727
285,1,3,4,1,4,3,2,0,1,1,0,1,1,1,3,4,5,6,4,0.707379899
286,0,3,2,6,3,4,2,0,0,1,0,1,1,1,4,4,3,5,4,0.232238469
287,1,2,4,3,2,4,1,0,1,5,1,5,5,5,3,3,3,2,5,0.232173727
288,1,3,3,6,2,4,2,0,1,2,1,2,1,2,1,4,3,4,4,0.222419929
289,0,2,3,1,2,4,3,0,1,5,1,5,5,5,2,3,3,2,5,0.222419929
290,1,2,4,4,3,2,4,0,0,2,1,1,1,2,2,2,1,3,5,0.222419929
291,0,2,4,1,4,3,4,1,1,1,0,1,1,1,3,3,2,5,4,0.222419929
292,1,2,4,3,6,1,5,1,1,1,0,1,1,1,3,3,1,4,5,0.232173727
293,1,2,3,3,2,3,2,0,1,4,1,1,4,4,3,3,4,5,5,0.232173727
294,0,2,4,3,6,4,4,1,1,3,1,1,1,3,1,4,2,1,4,0.222419929
295,0,3,4,4,4,1,5,0,1,1,0,1,1,1,4,4,4,4,5,0.222419929
296,1,3,2,3,6,3,5,0,1,3,1,1,1,3,5,1,5,10,5,3.558718861
297,0,2,4,2,5,4,1,0,0,2,1,2,1,2,2,4,4,2,4,0.222419929
298,0,3,4,2,4,4,5,0,1,2,1,1,1,2,5,5,4,3,5,0.222419929
299,1,4,4,4,1,5,3,0,1,1,0,1,1,1,3,3,3,2,4,0.222419929
300,0,NA,4,5,6,4,2,1,NA,2,1,2,1,2,4,4,3,4,5,0.222419929
301,0,2,5,3,4,5,5,1,1,3,1,3,1,3,4,4,2,5,5,0.222419929
302,0,2,4,3,3,2,2,0,1,4,1,1,1,4,2,3,3,1,2,0.222419929
303,0,2,4,1,6,5,3,0,0,1,0,1,1,1,4,4,1,5,5,0.222419929
304,1,2,3,5,3,4,3,0,1,1,0,1,1,1,2,3,3,0,3,0.232173727
305,0,3,4,5,5,5,1,1,1,3,1,3,1,3,4,4,5,4,5,0.222419929
306,1,3,4,4,4,5,2,1,1,4,1,4,4,1,4,2,2,5,4,0.222419929
307,0,1,1,4,1,3,2,1,0,1,0,1,1,1,4,2,4,8,4,0.232238469
308,0,2,4,3,3,5,1,0,1,4,1,4,4,4,5,5,5,2,5,0.222419929
309,0,2,4,4,3,2,2,0,1,4,1,4,4,4,4,4,4,2,4,0.222419929
310,1,1,1,1,1,NA,3,0,1,2,1,1,1,2,3,3,3,2,4,3.558718861
311,0,3,4,5,1,3,2,0,1,1,0,1,1,1,4,4,4,3,5,0.222419929
312,1,2,1,6,1,2,1,1,0,1,0,1,1,1,2,5,1,4,5,2.360383205
313,1,1,2,2,1,4,1,0,0,1,0,1,1,1,2,3,3,2,5,2.391569611
314,1,2,3,3,2,4,2,0,1,5,1,5,5,5,3,3,3,5,5,0.232173727
315,0,3,4,2,4,5,5,1,1,3,1,3,3,3,5,5,2,4,5,0.222419929
316,1,3,4,1,5,3,4,0,1,2,1,1,2,1,2,3,2,3,3,0.707379899
317,0,2,4,3,6,3,2,1,1,4,1,1,4,4,5,3,5,2,3,0.222419929
318,1,4,4,4,4,5,5,0,1,1,0,1,1,1,4,4,5,3,3,0.222419929
319,1,2,4,2,4,2,2,0,1,2,1,1,1,2,4,3,4,5,5,0.222419929
320,0,3,4,5,4,2,4,0,1,1,0,1,1,1,3,3,2,2,3,0.222419929
321,0,1,2,2,2,2,4,0,0,1,0,1,1,1,2,4,2,3,4,0.232238469
322,1,2,4,1,5,4,4,0,0,1,0,1,1,1,3,2,2,4,5,0.222419929
323,1,2,4,2,5,3,3,0,1,3,1,3,1,3,3,3,3,1,5,0.222419929
324,0,2,4,4,1,3,4,0,0,3,1,1,1,3,3,4,2,0,4,0.222419929
325,0,2,3,2,1,2,2,0,0,1,0,1,1,1,3,2,4,2,2,0.222419929
326,1,2,4,4,4,4,4,0,1,3,1,1,1,3,3,4,2,3,4,0.222419929
327,0,3,3,2,6,3,3,0,1,1,0,1,1,1,4,3,2,5,4,0.222419929
328,0,4,3,4,4,4,4,0,1,1,0,1,1,1,3,4,4,5,3,0.222419929
329,1,2,3,1,2,3,3,0,1,1,0,1,1,1,2,4,4,3,3,0.501949734
330,1,3,4,5,4,3,5,0,1,2,1,1,1,2,2,3,3,4,4,0.232173727
331,0,2,3,5,1,3,5,0,0,1,0,1,1,1,3,3,3,2,5,0.222419929
332,1,4,4,6,4,3,4,0,1,1,0,1,1,1,4,3,3,4,4,0.222419929
333,1,3,4,2,1,4,2,1,1,5,1,1,5,5,5,4,5,3,4,0.222419929
334,1,4,4,2,4,5,1,0,1,2,1,1,2,2,5,4,1,4,4,0.222419929
335,1,3,4,1,5,3,5,0,1,1,0,1,1,1,4,2,2,4,4,0.707379899
336,0,4,4,4,5,4,NA,0,1,1,0,1,1,1,3,4,4,3,5,0.222419929
337,0,1,2,2,2,4,3,0,0,1,0,1,1,1,4,2,1,4,4,0.232238469
338,1,2,3,6,4,3,3,0,0,1,0,1,1,1,3,3,2,5,3,0.222419929
339,1,1,3,4,4,2,3,0,1,3,1,1,1,3,4,3,2,2,3,0.222419929
340,0,2,2,2,2,3,3,0,1,1,0,1,1,1,3,3,3,4,4,2.263165175
341,1,2,3,3,3,3,1,0,1,5,1,5,5,5,3,3,3,5,3,0.232173727
342,0,2,4,3,5,4,4,0,0,1,0,1,1,1,3,3,2,1,4,0.222419929
343,1,2,4,1,3,4,2,0,1,2,1,1,2,1,3,4,2,6,4,0.501949734
344,0,3,4,2,4,4,3,0,1,3,1,3,1,3,4,5,4,4,5,0.222419929
345,1,3,4,3,6,3,4,0,1,1,0,1,1,1,3,3,4,4,4,0.232173727
346,0,NA,NA,NA,NA,NA,NA,NA,NA,NA,NA,NA,NA,NA,NA,NA,NA,0,NA,2.327127613
347,0,3,4,3,5,4,4,0,0,1,0,1,1,1,2,4,4,3,4,0.222419929
348,0,4,3,3,3,5,4,0,1,1,0,1,1,1,4,4,4,2,4,0.222419929
349,0,2,3,1,3,3,3,0,0,3,1,3,1,3,3,3,3,0,3,0.222419929
350,1,1,2,2,2,2,2,0,0,3,1,3,1,3,2,2,4,5,3,2.391569611
351,1,2,4,2,2,4,4,0,1,1,0,1,1,1,4,3,3,2,4,0.222419929
352,0,2,3,3,4,3,4,0,0,1,0,1,1,1,3,4,2,5,5,0.222419929
353,1,2,3,6,6,5,4,0,1,4,1,1,1,4,4,3,3,2,5,0.222419929
354,0,5,4,3,4,4,2,0,1,1,0,1,1,1,4,2,1,10,4,0.222419929
355,1,1,2,6,6,5,3,0,1,2,1,1,1,2,3,3,3,8,NA,3.558718861
356,0,5,2,1,4,3,3,0,1,1,0,1,1,1,3,3,3,5,3,3.511892077
357,1,1,3,2,2,2,1,0,0,2,1,1,1,2,4,3,4,4,4,0.222419929
358,1,2,3,6,2,3,3,0,0,2,1,1,1,2,3,3,3,1,5,0.222419929
359,1,2,4,4,4,4,2,1,1,2,1,2,1,2,4,3,3,4,3,0.222419929
360,1,2,5,4,6,2,4,0,1,4,1,4,1,4,2,3,2,3,3,0.222419929
361,0,3,2,1,3,4,3,0,0,2,1,2,2,2,3,4,2,4,5,3.218449729
362,1,3,4,6,6,4,3,0,1,2,1,1,1,2,2,2,2,4,4,0.222419929
363,0,2,3,2,1,4,3,0,1,1,0,1,1,1,4,2,2,5,4,0.222419929
364,0,3,4,6,4,5,3,0,1,2,1,1,1,2,3,2,5,2,4,0.222419929
365,0,2,1,1,3,5,4,0,0,2,1,1,1,2,3,3,1,5,5,2.432931
366,0,3,4,3,4,3,3,0,1,1,0,1,1,1,3,3,2,0,3,0.222419929
367,0,3,4,2,3,4,5,1,1,3,1,3,3,3,3,4,4,3,4,0.222419929
368,0,3,4,5,3,4,3,0,1,2,1,2,1,2,3,4,3,3,3,0.222419929
369,1,3,4,2,3,4,3,0,1,NA,NA,NA,NA,NA,3,3,3,0,4,0.222419929
370,1,3,5,4,5,1,1,0,1,3,1,3,3,3,1,5,5,8,1,0.222419929
371,0,5,4,2,3,3,2,0,1,3,1,3,3,3,2,4,5,2,2,0.222419929
372,0,3,4,4,3,3,3,0,1,1,0,1,1,1,3,3,3,0,3,0.222419929
373,0,4,5,4,6,5,4,1,1,3,1,3,1,3,2,2,1,3,4,0.222419929
374,1,2,4,4,3,5,4,0,1,2,1,1,1,2,4,2,1,2,4,0.222419929
375,0,1,4,3,3,3,3,0,0,1,0,1,1,1,4,3,3,3,3,0.222419929
376,1,3,4,3,3,3,3,0,1,1,0,1,1,1,3,3,3,0,3,0.232173727
377,1,2,4,3,4,4,4,0,0,1,0,1,1,1,2,3,2,4,3,0.222419929
378,0,2,2,2,4,3,3,0,0,5,1,5,1,5,4,1,3,4,3,0.232238469
379,1,4,4,1,4,3,3,0,1,1,0,1,1,1,3,3,3,3,3,0.56609755
380,0,2,4,2,6,3,2,0,0,2,1,1,1,1,3,3,3,1,4,0.222419929
381,1,3,4,5,3,3,3,0,1,1,0,1,1,1,3,3,3,10,3,0.232173727
382,1,2,3,2,2,4,2,0,1,4,1,1,4,1,4,4,4,9,4,0.222419929
383,0,NA,4,1,5,2,2,0,NA,1,0,1,1,1,3,5,4,3,3,0.222419929
384,1,3,4,2,4,3,3,0,1,2,1,2,1,2,3,3,2,3,2,0.222419929
385,1,1,2,2,4,2,4,0,1,2,1,1,1,2,2,4,2,3,4,3.558718861
386,1,2,4,1,5,4,2,0,1,3,1,1,1,3,5,1,1,6,5,0.501949734
387,0,1,2,2,1,2,3,0,0,2,1,2,1,2,1,3,2,3,3,0.232238469
388,1,2,4,1,5,4,4,0,0,2,1,1,1,2,2,2,2,4,4,0.222419929
389,1,2,3,4,4,3,3,0,0,2,1,1,1,2,4,3,2,5,4,0.222419929
390,0,1,1,2,2,5,3,0,0,1,0,1,1,1,5,4,5,4,5,0.232238469
391,0,2,3,2,2,2,5,0,1,3,1,3,3,3,3,3,3,3,3,0.222419929
392,1,2,2,6,1,3,2,1,0,2,1,1,2,1,2,3,2,1,NA,2.360383205
393,1,2,4,2,4,2,2,1,1,2,1,1,1,2,1,2,2,1,1,0.222419929
394,0,2,2,1,2,3,3,0,0,2,1,2,2,2,5,3,4,1,3,2.432931
395,0,3,3,2,1,3,3,0,0,2,1,2,1,2,4,3,3,4,4,0.222419929
396,1,2,3,2,2,3,2,0,0,1,0,1,1,1,2,3,3,5,4,0.222419929
397,0,2,5,1,3,5,3,0,0,3,1,3,3,3,5,5,5,3,5,0.222419929
398,0,2,4,6,3,4,4,0,0,3,1,3,1,3,4,1,1,3,4,0.222419929
399,0,3,3,6,1,2,5,0,0,1,0,1,1,1,4,4,4,5,5,0.222419929
400,1,2,4,2,4,3,1,0,0,5,1,1,5,5,4,2,1,5,5,0.222419929
401,1,1,2,1,1,4,3,0,0,2,1,1,1,2,3,3,3,2,3,3.558718861
402,0,2,4,2,1,2,4,0,1,2,1,2,2,1,4,4,2,3,3,0.222419929
403,0,2,4,2,6,4,3,1,0,2,1,1,1,2,2,4,2,3,3,0.222419929
404,0,4,2,6,1,4,2,0,1,1,0,1,1,1,1,3,3,3,2,3.412350848
405,0,4,3,6,4,3,3,0,0,1,0,1,1,1,1,4,3,6,2,0.222419929
406,0,2,4,2,4,4,2,0,1,2,1,1,1,2,4,2,2,1,3,0.222419929
407,0,2,3,2,1,3,3,0,0,2,1,2,1,2,3,3,1,2,4,0.222419929
408,0,4,2,2,5,5,2,0,0,2,1,2,1,2,4,1,1,2,4,0.232238469
409,0,1,2,2,1,3,3,0,0,2,1,1,1,2,2,4,2,5,4,0.232238469
410,1,3,4,4,4,3,3,1,1,3,1,1,1,3,4,4,4,2,4,0.222419929
411,0,2,2,4,2,3,3,0,0,2,1,1,1,2,3,3,3,4,3,0.232238469
412,1,3,2,1,4,4,4,0,0,2,1,1,1,2,2,3,3,4,4,3.558718861
413,1,2,2,2,3,3,2,1,0,1,0,1,1,1,4,2,3,1,4,1.683689717
414,0,4,4,1,5,4,3,0,1,2,1,1,1,2,3,4,4,4,5,0.222419929
415,1,1,2,1,2,4,2,0,0,2,1,1,1,2,3,3,3,4,4,3.558718861
416,1,3,4,1,4,2,4,0,0,3,1,1,3,3,1,1,2,4,4,0.222419929
417,0,2,4,2,4,4,4,0,1,3,1,3,3,3,2,2,4,5,2,0.222419929
418,0,2,2,4,3,5,1,1,NA,3,1,1,3,3,5,5,5,1,5,0.232238469
419,0,3,2,1,5,2,5,0,1,1,0,1,1,1,2,4,2,3,4,3.511892077
420,0,2,4,1,3,5,5,0,0,3,1,1,1,3,1,3,2,2,4,0.222419929
421,1,2,1,2,3,4,2,1,0,1,0,1,1,1,4,3,2,6,3,1.683689717
422,1,3,4,2,1,3,5,0,1,1,0,1,1,1,2,4,3,4,2,0.222419929
423,0,2,2,2,4,3,4,0,0,4,1,1,1,1,3,3,3,5,3,0.232238469
424,0,2,3,6,2,2,3,0,1,3,1,3,1,3,1,4,2,3,2,0.222419929
425,1,2,4,2,5,2,4,0,1,4,1,4,1,4,2,4,4,3,3,0.222419929
426,0,2,3,1,4,5,2,0,1,3,1,1,1,3,3,4,2,3,4,0.222419929
427,0,3,4,1,5,3,3,0,1,1,0,1,1,1,4,3,3,3,3,0.222419929
428,0,2,2,2,2,3,4,0,0,1,0,1,1,1,3,5,3,3,NA,0.232238469
429,1,1,2,1,5,3,3,0,0,2,1,1,1,2,2,3,2,5,5,3.558718861
430,0,2,4,1,2,5,4,0,1,3,1,3,1,1,5,2,5,4,4,0.222419929
431,0,2,3,NA,4,4,3,0,0,2,1,1,1,2,4,3,2,5,3,0.222419929
432,0,2,4,6,4,1,5,1,0,1,0,1,1,1,3,3,2,2,5,0.222419929
433,0,5,3,1,4,4,3,0,1,1,0,1,1,1,4,4,4,3,4,0.222419929
434,1,3,3,6,2,3,2,0,0,1,0,1,1,1,3,3,3,4,4,0.222419929
435,0,3,3,1,1,3,3,0,1,2,1,1,2,1,4,3,4,3,3,0.222419929
436,0,1,4,1,4,4,1,0,0,1,0,1,1,1,3,4,2,3,4,0.222419929
437,0,4,3,1,3,4,5,0,1,1,0,1,1,1,4,4,3,2,5,0.222419929
438,0,1,2,6,2,4,5,0,0,2,1,2,1,2,4,1,1,3,3,0.232238469
439,0,2,3,6,2,2,2,0,0,3,1,1,1,3,5,4,1,2,4,0.222419929
440,0,5,2,6,5,5,3,0,1,1,0,1,1,1,2,4,4,4,2,3.412350848
441,1,2,4,1,3,3,3,0,1,2,1,1,2,1,3,3,4,3,3,0.501949734
442,1,1,NA,6,3,3,3,0,1,1,0,1,1,1,3,2,3,4,3,3.558718861
443,1,4,3,6,4,3,3,0,1,1,0,1,1,1,4,3,3,2,3,0.222419929
444,0,2,2,1,3,4,4,0,0,2,1,1,1,2,1,3,1,3,1,2.432931
445,0,4,2,6,6,4,4,0,1,2,1,2,2,2,4,2,2,4,4,3.412350848
446,1,3,4,1,5,3,3,0,1,1,0,1,1,1,3,3,3,3,4,0.707379899
447,1,3,3,6,2,5,4,0,0,2,1,1,1,1,4,3,3,3,4,0.222419929
448,0,1,2,1,2,3,3,0,0,3,1,3,1,3,3,4,3,3,5,2.072789484
449,0,3,4,1,3,5,5,0,0,3,1,1,3,1,2,2,2,4,4,0.222419929
450,0,2,3,1,2,3,3,0,1,2,1,2,2,2,3,3,3,4,3,0.222419929
451,0,3,2,6,5,NA,3,0,1,3,1,1,1,3,4,4,3,2,4,3.412350848
452,0,2,1,NA,1,3,3,1,0,1,0,1,1,1,3,3,3,9,3,0.232238469
453,0,4,2,1,5,3,3,0,1,2,1,1,1,2,4,3,3,4,4,3.511892077
454,0,2,2,6,4,5,1,0,1,5,1,5,5,5,3,4,3,5,5,3.172756249
455,1,3,4,6,3,2,2,0,1,1,0,1,1,1,3,2,2,3,4,0.222419929
456,1,3,3,1,4,1,5,0,0,2,1,1,1,2,3,3,2,5,4,0.222419929
457,1,1,1,NA,4,3,3,0,0,3,1,1,1,3,3,3,3,0,3,3.558718861
458,1,2,1,1,3,4,3,0,0,2,1,1,1,2,5,3,2,3,3,3.558718861
459,0,3,3,1,1,4,4,0,1,2,1,2,1,2,4,4,2,4,4,0.222419929
460,0,5,3,6,6,5,5,1,1,1,0,1,1,1,4,2,2,2,4,0.222419929
461,0,3,4,6,5,4,5,0,0,3,1,1,1,3,5,5,2,3,4,0.222419929
462,0,2,4,6,6,3,4,0,1,3,1,3,1,3,2,2,2,5,3,0.222419929
463,0,3,3,1,3,2,4,0,1,1,0,1,1,1,3,2,3,3,4,0.222419929
464,0,2,3,1,3,3,3,0,0,3,1,3,1,1,2,4,3,3,3,0.222419929
465,0,2,4,1,4,3,3,0,1,3,1,3,3,3,3,3,3,5,3,0.222419929
466,1,2,2,6,6,3,3,0,0,2,1,1,1,2,4,1,3,0,4,2.360383205
467,1,2,4,6,3,2,4,0,0,3,1,1,1,3,1,4,3,3,3,0.222419929
468,0,4,3,1,3,4,2,0,0,2,1,1,1,2,3,3,3,5,3,0.222419929
469,0,1,2,1,1,2,3,0,0,1,0,1,1,1,3,3,1,8,3,2.072789484
470,1,2,4,1,3,4,3,1,0,1,0,1,1,1,1,4,5,2,2,0.222419929
471,1,3,3,1,4,2,3,0,1,2,1,1,2,2,2,3,3,5,4,0.707379899
472,0,3,2,6,5,5,1,0,1,1,0,1,1,1,3,3,2,4,3,3.412350848
473,0,2,1,1,1,3,3,0,0,1,0,1,1,1,4,2,2,1,3,2.432931
474,0,3,1,1,2,3,3,0,0,3,1,1,1,3,3,3,3,0,3,3.218449729
475,1,2,4,1,1,2,4,0,1,1,0,1,1,1,1,2,2,6,4,0.501949734
476,0,2,4,6,2,5,2,0,0,2,1,2,1,2,4,5,5,4,4,0.222419929
477,0,2,4,1,5,2,5,1,1,2,1,1,2,2,5,3,2,1,5,0.222419929
478,0,2,3,1,3,2,3,0,0,2,1,1,1,2,2,3,3,2,3,0.222419929
479,1,3,1,1,2,2,4,0,0,1,0,1,1,1,4,1,1,5,5,3.558718861
480,1,2,2,NA,2,4,3,0,0,4,1,1,1,4,3,3,3,5,4,3.558718861
481,0,4,4,6,3,3,3,0,1,2,1,1,1,2,3,4,1,4,3,0.222419929
482,1,2,3,1,3,4,2,NA,0,1,0,1,1,1,5,4,4,2,4,0.222419929
483,0,2,3,1,3,2,4,0,0,1,0,1,1,1,2,2,1,2,3,0.222419929
484,1,2,4,6,4,4,3,0,1,2,1,1,1,2,2,2,2,3,4,0.222419929
485,1,4,4,6,5,4,4,0,1,3,1,3,1,3,4,3,4,5,2,0.222419929
486,0,2,4,1,5,5,4,0,1,2,1,2,2,2,1,2,1,4,5,0.222419929
487,0,1,2,1,1,3,3,0,1,1,0,1,1,1,3,3,3,5,3,3.511892077
488,0,3,2,1,1,3,3,NA,0,1,0,1,1,1,3,3,4,8,4,3.218449729
489,0,2,2,1,3,3,3,0,0,2,1,1,1,2,3,3,3,3,4,2.432931
490,1,3,4,1,5,1,2,0,1,1,0,1,1,1,2,3,3,5,4,0.707379899
491,1,2,1,6,6,4,1,0,0,1,0,1,1,1,3,2,5,3,2,2.360383205
492,0,3,4,6,4,2,2,0,0,1,0,1,1,1,2,3,2,2,1,0.222419929
493,1,3,3,1,3,2,4,0,1,1,0,1,1,1,3,3,4,3,4,0.707379899
494,1,2,2,NA,4,1,5,0,0,4,1,4,1,4,1,1,1,4,5,3.558718861
495,1,3,4,6,3,3,3,0,1,3,1,1,1,3,2,3,3,3,4,0.222419929
496,0,2,3,6,2,2,3,0,0,2,1,1,1,2,4,3,3,4,4,0.222419929
497,0,2,4,1,4,1,2,0,1,3,1,3,1,3,3,2,2,3,4,0.222419929
498,0,5,2,1,5,4,5,0,1,2,1,2,1,2,3,3,2,2,4,3.511892077
499,0,3,3,6,5,4,4,0,1,2,1,2,1,2,4,4,4,1,5,0.222419929
500,1,2,1,1,1,5,3,1,0,1,0,1,1,1,5,1,1,6,1,3.558718861
501,1,2,4,6,4,2,4,0,0,1,0,1,1,1,2,3,2,2,4,0.222419929
502,1,3,4,6,5,3,3,0,1,3,1,1,3,3,3,3,3,5,4,0.222419929
503,0,1,3,NA,4,5,5,0,0,2,1,1,1,2,2,2,1,5,3,0.222419929
504,1,3,5,1,4,3,3,1,1,3,1,1,1,3,3,3,3,5,3,0.707379899
505,1,3,2,6,5,4,5,0,0,1,0,1,1,1,2,4,2,6,5,3.430459446
506,1,2,4,6,2,3,4,0,0,2,1,1,1,2,3,2,2,1,4,0.222419929
507,1,2,2,1,3,4,1,0,0,1,0,1,1,1,1,3,5,8,5,3.558718861
508,0,5,3,1,6,4,3,1,1,3,1,1,3,3,3,4,2,5,5,0.222419929
509,0,2,1,1,1,3,3,0,1,2,1,1,1,2,3,3,3,4,3,3.511892077
510,0,1,2,1,3,4,1,0,0,2,1,2,1,2,5,3,2,5,5,2.072789484
511,0,2,2,6,1,3,3,0,0,2,1,1,1,2,4,3,3,6,3,0.232238469
512,0,3,3,1,5,2,3,0,0,1,0,1,1,1,2,4,4,4,4,0.222419929
513,1,2,2,1,4,4,3,0,0,2,1,1,1,2,3,3,2,3,3,3.558718861
514,0,2,1,6,6,5,5,0,0,2,1,2,1,2,3,3,1,1,5,0.232238469
515,0,2,3,1,2,2,4,0,1,3,1,1,1,3,4,2,4,4,3,0.222419929
516,0,3,2,1,4,3,1,0,0,1,0,1,1,1,3,3,3,3,3,3.218449729
517,0,2,3,1,2,4,3,0,1,2,1,1,1,2,2,3,3,3,3,0.222419929
518,0,2,2,1,3,3,3,1,0,1,0,1,1,1,3,2,3,3,4,2.432931
519,0,2,2,6,2,2,2,0,0,2,1,1,2,2,3,4,1,6,5,0.232238469
520,1,2,3,6,4,5,4,0,0,3,1,1,1,3,4,2,2,5,3,0.222419929
521,1,2,3,1,4,2,4,0,0,1,0,1,1,1,4,2,2,6,4,0.222419929
522,1,1,2,NA,1,3,3,0,0,2,1,1,1,2,3,3,3,4,4,3.558718861
523,1,2,2,1,4,4,4,0,0,1,0,1,1,1,3,3,5,2,5,3.558718861
524,1,2,4,1,3,4,3,0,0,3,1,3,1,3,3,3,1,2,4,0.222419929
525,1,2,2,1,5,3,3,0,1,3,1,1,1,3,3,4,1,3,3,3.558718861
526,1,4,4,1,2,4,4,0,1,2,1,1,1,2,3,4,2,6,4,0.56609755
527,1,2,4,1,4,5,5,0,0,2,1,1,2,2,2,2,2,2,5,0.222419929
528,1,1,2,6,3,2,2,0,1,2,1,1,1,2,3,3,3,3,3,3.558718861
529,0,2,2,1,2,1,3,0,0,3,1,3,1,3,2,2,4,3,3,2.432931
530,1,3,3,1,4,3,2,0,1,1,0,1,1,1,5,4,2,5,4,0.707379899
531,0,4,3,1,6,3,1,0,0,1,0,1,1,1,3,3,3,4,3,0.222419929
532,0,2,3,6,2,3,4,0,1,1,0,1,1,1,1,2,1,2,4,0.222419929
533,1,2,3,1,3,3,2,0,1,3,1,3,3,3,3,3,3,2,3,0.501949734
534,1,2,1,1,5,3,3,0,0,4,1,1,1,4,2,3,3,5,4,3.558718861
535,1,2,3,6,2,4,3,0,0,2,1,2,1,2,3,1,2,5,4,0.222419929
536,1,1,1,6,3,2,3,0,1,3,1,1,3,3,4,3,1,2,4,3.558718861
537,1,1,2,6,4,3,2,0,1,2,1,1,1,2,3,3,2,3,4,3.558718861
538,0,2,3,6,6,5,1,0,1,3,1,1,1,3,5,3,4,0,3,0.222419929
539,1,2,3,1,2,2,1,0,0,2,1,1,1,2,3,2,2,2,4,0.222419929
540,0,3,3,1,5,3,2,0,1,2,1,1,2,2,3,4,4,7,4,0.222419929
541,0,4,2,1,4,2,4,0,1,2,1,1,1,2,4,3,3,3,2,3.511892077
542,1,2,2,1,1,3,3,1,0,3,1,1,1,3,3,2,2,1,2,3.558718861
543,1,2,4,6,3,2,5,0,1,1,0,1,1,1,2,2,1,5,3,0.222419929
544,0,2,2,1,4,5,4,0,0,2,1,1,1,2,2,2,1,4,3,2.432931
545,0,3,1,1,2,3,3,0,0,1,0,1,1,1,3,3,3,4,5,3.218449729
546,1,2,4,1,3,3,3,0,0,3,1,3,1,1,3,3,3,1,3,0.222419929
547,0,3,2,1,2,5,1,0,1,3,1,3,1,3,5,NA,1,0,5,3.511892077
548,0,2,2,6,3,3,4,0,1,3,1,1,1,3,3,2,3,3,4,3.172756249
549,0,2,2,1,1,3,3,0,0,4,1,1,4,1,3,3,3,3,3,2.432931
550,0,3,2,6,1,2,5,0,1,2,1,2,1,2,2,4,2,5,3,3.412350848
551,1,1,1,6,3,4,3,0,0,2,1,1,2,1,2,2,2,4,2,2.939458215
552,1,2,4,6,4,3,3,0,1,2,1,1,2,2,3,3,3,3,3,0.222419929
553,1,2,4,NA,3,4,NA,0,0,2,1,1,1,2,NA,NA,2,3,4,0.222419929
554,0,2,4,3,4,3,4,0,0,2,1,1,1,2,2,4,3,3,4,0.222419929
555,0,3,4,3,3,5,2,1,1,4,1,1,4,4,5,4,5,2,5,0.222419929
556,0,2,4,3,4,2,3,0,1,3,1,3,1,3,3,4,2,5,4,0.222419929
557,0,2,3,3,1,4,2,0,1,3,1,3,1,1,4,4,1,2,4,0.222419929
558,0,2,2,3,3,4,2,0,1,1,0,1,1,1,4,4,4,4,4,3.511892077
559,0,2,4,1,2,4,2,1,0,4,1,4,4,4,4,4,4,7,4,0.222419929
560,0,3,4,3,3,3,3,0,0,3,1,3,1,1,3,3,3,2,3,0.222419929
561,1,2,4,2,1,3,3,0,1,3,1,1,1,3,5,4,1,6,5,0.222419929
562,0,1,3,2,1,4,3,0,0,2,1,2,1,2,2,4,3,3,4,0.222419929
563,0,2,4,3,3,3,4,0,1,2,1,1,2,2,4,4,4,1,4,0.222419929
564,1,3,3,2,1,2,3,0,1,1,0,1,1,1,4,2,2,3,2,0.222419929
565,0,2,4,1,3,5,2,1,0,4,1,1,4,4,5,4,5,2,4,0.222419929
566,1,2,4,3,3,3,2,0,1,2,1,1,2,2,3,1,3,2,4,0.232173727
567,1,2,4,2,1,4,3,0,1,1,0,1,1,1,4,4,2,2,5,0.222419929
568,0,3,4,1,3,2,3,1,1,3,1,1,3,3,4,2,3,3,4,0.222419929
569,0,3,4,3,2,2,3,0,1,2,1,1,2,2,4,4,4,3,4,0.222419929
570,1,2,4,1,6,3,4,0,1,3,1,1,1,3,3,4,3,3,3,0.501949734
571,0,2,3,3,2,2,3,0,1,4,1,4,1,4,2,2,4,3,4,0.222419929
572,1,2,3,2,3,3,5,0,0,3,1,3,1,3,3,2,3,5,5,0.222419929
573,0,4,2,1,3,3,4,0,1,1,0,1,1,1,3,3,4,4,4,3.511892077
574,1,2,3,2,3,4,5,0,1,1,0,1,1,1,2,5,4,3,5,0.222419929
575,1,2,4,1,3,5,2,0,1,1,0,1,1,1,4,4,2,3,5,0.501949734
576,1,3,3,1,3,4,NA,1,0,1,0,1,1,1,4,5,4,2,5,0.222419929
577,0,3,4,3,2,4,3,1,1,1,0,1,1,1,5,3,5,4,5,0.222419929
578,0,3,4,3,2,3,3,1,1,3,1,1,1,3,5,5,5,3,5,0.222419929
579,1,2,3,3,4,2,4,0,1,1,0,1,1,1,3,4,3,3,4,0.232173727
580,1,2,3,1,4,5,2,0,1,4,1,1,1,4,4,3,2,2,5,0.501949734
581,1,3,4,3,3,4,2,0,1,1,0,1,1,1,4,4,4,3,4,0.232173727
582,1,3,4,3,3,4,2,0,1,1,0,1,1,1,4,4,4,4,4,0.232173727
583,1,2,4,3,2,1,5,0,1,2,1,1,1,2,4,4,2,4,4,0.232173727
584,0,3,3,3,3,3,3,0,1,1,0,1,1,1,3,4,4,4,4,0.222419929
585,1,3,4,1,6,3,2,0,1,1,0,1,1,1,4,4,3,4,4,0.707379899
586,1,2,4,3,4,4,2,0,1,1,0,1,1,1,4,3,4,4,4,0.232173727
587,0,3,4,2,4,4,2,1,0,3,1,1,3,3,4,4,5,2,4,0.222419929
588,0,3,3,3,2,4,1,0,0,2,1,1,2,2,4,2,1,0,5,0.222419929
589,0,2,4,1,5,4,4,1,1,1,0,1,1,1,4,2,2,3,4,0.222419929
590,0,2,4,4,2,5,3,0,1,4,1,1,4,4,5,5,4,2,5,0.222419929
591,1,2,4,3,4,4,2,0,1,1,0,1,1,1,4,4,4,3,4,0.232173727
592,0,2,4,3,3,4,4,0,1,3,1,1,1,3,4,4,4,4,4,0.222419929
593,0,2,3,2,2,4,2,0,1,3,1,1,1,3,3,3,4,2,4,0.222419929
594,0,2,4,3,3,2,4,0,1,3,1,1,1,3,4,4,4,3,4,0.222419929
595,0,3,3,5,3,3,2,0,1,3,1,1,1,3,2,4,2,3,5,0.222419929
596,0,3,4,5,3,3,3,0,1,3,1,1,1,3,2,3,3,4,5,0.222419929
597,1,2,3,6,4,3,3,0,1,1,0,1,1,1,4,4,4,5,4,0.222419929
598,1,3,4,6,4,3,5,1,0,3,1,3,1,3,4,2,1,4,4,0.222419929
599,1,2,4,1,2,2,4,1,1,4,1,4,4,1,4,4,3,3,4,0.501949734
600,0,3,3,3,5,4,3,0,1,3,1,1,1,3,3,3,3,4,4,0.222419929
601,0,4,2,1,6,5,1,0,1,3,1,3,1,3,3,5,1,4,3,3.511892077
602,0,2,4,3,4,3,2,0,1,1,0,1,1,1,4,4,3,4,4,0.222419929
603,0,2,4,3,4,3,3,0,1,1,0,1,1,1,4,4,4,1,4,0.222419929
604,1,2,2,3,3,3,2,0,1,2,1,1,2,2,5,4,4,4,5,3.558718861
605,1,2,2,3,3,4,5,0,1,3,1,1,1,3,4,4,4,3,4,3.558718861
606,0,3,4,2,2,2,3,0,1,4,1,1,4,4,2,4,3,4,4,0.222419929
607,1,2,2,6,5,3,5,0,1,1,0,1,1,1,4,3,5,5,4,3.558718861
608,1,3,4,2,2,4,4,1,1,5,1,5,1,5,4,4,5,4,1,0.222419929
609,0,3,4,3,4,2,3,1,1,1,0,1,1,1,4,4,4,3,4,0.222419929
610,1,3,4,2,2,5,1,1,1,4,1,4,1,4,4,5,5,2,4,0.222419929
611,0,2,3,2,2,3,3,0,1,5,1,1,5,5,4,2,3,3,3,0.222419929
612,1,3,4,2,3,3,2,1,1,5,1,5,1,1,4,4,4,4,5,0.222419929
613,1,2,4,2,1,4,2,0,1,1,0,1,1,1,4,4,3,3,5,0.222419929
614,0,4,4,4,2,3,4,0,1,1,0,1,1,1,3,3,3,6,4,0.222419929
615,0,3,4,4,4,3,3,0,0,3,1,3,3,3,3,3,3,3,4,0.222419929
616,0,2,4,1,4,3,5,0,0,4,1,4,4,1,3,3,3,4,2,0.222419929
617,1,2,4,2,2,3,4,0,1,1,0,1,1,1,5,3,2,5,4,0.222419929
618,1,2,4,1,3,4,1,0,1,1,0,1,1,1,4,5,2,3,4,0.501949734
619,1,2,4,2,4,3,3,0,1,1,0,1,1,1,4,3,NA,3,4,0.222419929
620,1,2,4,6,4,3,4,0,1,3,1,3,1,3,3,1,1,2,3,0.222419929
621,1,2,4,2,3,4,2,0,1,1,0,1,1,1,4,3,2,3,5,0.222419929
622,1,2,4,1,3,5,4,0,1,1,0,1,1,1,4,5,4,3,5,0.501949734
623,0,2,3,3,2,4,3,0,1,3,1,3,3,3,3,4,4,3,4,0.222419929
624,0,4,4,2,1,2,3,0,1,3,1,1,3,3,3,4,3,1,4,0.222419929
625,0,2,3,2,3,2,2,0,1,3,1,3,1,3,3,4,1,2,4,0.222419929
626,0,3,4,3,4,2,4,0,1,2,1,2,1,2,4,4,2,2,4,0.222419929
627,1,3,4,1,2,4,2,0,1,1,0,1,1,1,4,4,4,4,4,0.707379899
628,0,2,4,2,4,5,4,0,1,2,1,2,1,2,2,1,1,6,2,0.222419929
629,0,2,4,3,3,3,4,0,1,2,1,2,1,2,4,4,4,4,4,0.222419929
630,0,2,4,3,5,3,2,0,1,NA,NA,NA,NA,NA,NA,NA,3,1,4,0.222419929
631,0,2,4,3,5,NA,2,0,1,1,0,1,1,1,3,4,4,4,4,0.222419929
632,0,3,4,2,4,3,4,0,0,1,0,1,1,1,3,4,4,4,3,0.222419929
633,1,3,4,6,2,4,2,0,0,1,0,1,1,1,4,4,4,4,4,0.222419929
634,0,3,3,3,5,4,3,0,1,3,1,1,3,3,3,3,3,2,4,0.222419929
635,1,3,4,4,3,4,4,0,1,1,0,1,1,1,4,4,4,5,4,0.222419929
636,0,3,2,6,2,2,3,0,1,4,1,1,1,4,4,4,4,2,4,3.412350848
637,1,3,3,2,5,3,1,1,0,1,0,1,1,1,4,4,3,4,5,0.222419929
638,0,4,3,1,2,3,1,0,1,3,1,1,3,3,2,3,4,1,5,0.222419929
639,0,3,4,3,5,3,3,1,1,1,0,1,1,1,3,2,3,3,4,0.222419929
640,0,3,4,3,5,3,2,0,1,1,0,1,1,1,3,4,4,3,4,0.222419929
641,1,3,4,1,2,4,2,0,0,1,0,1,1,1,4,4,4,4,5,0.222419929
642,1,2,4,2,4,4,2,0,1,2,1,1,1,2,5,4,5,4,5,0.222419929
643,0,3,4,3,5,3,2,0,1,1,0,1,1,1,4,2,4,4,4,0.222419929
644,0,3,4,3,5,3,3,0,1,1,0,1,1,1,3,4,NA,3,4,0.222419929
645,0,2,4,3,5,NA,3,0,1,1,0,1,1,1,3,3,4,4,4,0.222419929
646,0,2,4,3,5,3,2,0,1,1,0,1,1,1,4,4,4,4,4,0.222419929
647,0,2,4,1,3,3,3,0,0,1,0,1,1,1,3,3,3,3,3,0.222419929
648,0,2,4,1,2,4,2,0,0,5,1,1,5,1,4,4,4,3,3,0.222419929
649,0,2,4,3,3,4,4,0,1,2,1,1,1,2,3,3,2,5,4,0.222419929
650,0,3,4,1,5,3,4,0,0,3,1,3,1,3,5,4,2,4,4,0.222419929
651,1,2,3,3,3,3,4,0,1,3,1,3,3,3,3,1,2,3,5,0.232173727
652,0,2,4,3,3,3,2,0,1,2,1,1,2,1,3,3,2,5,4,0.222419929
653,0,3,4,3,3,2,4,0,1,2,1,2,1,2,3,4,4,2,4,0.222419929
654,0,3,4,5,3,3,3,0,0,3,1,1,1,3,3,3,4,3,5,0.222419929
655,0,4,4,3,2,2,2,1,1,4,1,4,4,4,5,5,5,3,4,0.222419929
656,0,3,4,3,3,2,4,0,1,2,1,2,1,2,2,4,4,2,4,0.222419929
657,0,2,4,5,3,3,3,0,1,2,1,1,1,2,1,5,4,1,5,0.222419929
658,0,3,2,5,4,3,5,0,1,3,1,3,1,3,4,4,3,3,4,3.511892077
659,0,NA,4,3,2,2,3,0,1,4,1,1,4,4,4,4,4,3,4,0.222419929
660,0,3,4,3,2,1,5,1,1,3,1,3,1,3,5,2,5,2,5,0.222419929
661,0,2,2,3,3,3,3,1,1,1,0,1,1,1,3,3,4,4,4,3.511892077
662,0,3,4,1,3,4,5,0,1,4,1,4,1,4,2,4,1,5,5,0.222419929
663,0,3,4,1,2,3,3,0,0,4,1,1,4,1,3,3,3,3,2,0.222419929
664,0,3,4,6,2,2,4,1,0,4,1,1,4,4,4,4,4,4,4,0.222419929
665,0,4,3,4,4,4,2,0,1,1,0,1,1,1,4,4,4,3,4,0.222419929
666,0,2,4,2,3,4,3,1,1,4,1,4,1,4,5,4,4,3,4,0.222419929
667,1,2,3,2,1,2,4,0,1,2,1,2,2,2,4,4,3,3,2,0.222419929
668,0,2,4,2,2,2,3,0,1,4,1,4,4,4,4,2,4,4,5,0.222419929
669,0,3,4,3,5,5,5,0,0,3,1,3,1,3,2,5,4,5,5,0.222419929
670,1,2,3,3,4,3,3,0,1,1,0,1,1,1,3,3,3,5,4,0.232173727
671,1,2,3,3,4,3,3,0,1,1,0,1,1,1,3,3,4,3,4,0.232173727
672,0,3,4,3,4,2,4,0,1,2,1,2,1,2,2,4,4,4,4,0.222419929
673,0,4,3,4,4,4,2,0,1,1,0,1,1,1,4,4,4,3,4,0.222419929
674,1,2,3,1,3,3,3,0,0,1,0,1,1,1,4,3,4,5,4,0.222419929
675,0,2,4,1,4,4,3,1,0,3,1,3,3,3,3,2,3,3,4,0.222419929
676,0,2,4,2,3,5,5,0,1,1,0,1,1,1,3,4,4,3,5,0.222419929
677,0,3,4,1,3,3,3,0,0,1,0,1,1,1,3,3,3,4,3,0.222419929
678,0,2,4,5,2,3,3,0,0,2,1,1,1,2,1,3,4,1,5,0.222419929
679,0,3,3,3,3,2,3,1,1,3,1,1,1,3,3,4,2,4,4,0.222419929
680,1,4,2,6,3,4,3,1,1,3,1,3,3,3,3,4,4,1,4,3.558718861
681,0,2,4,2,2,5,5,1,1,3,1,1,1,3,4,2,4,3,5,0.222419929
682,0,2,4,1,2,5,3,0,0,1,0,1,1,1,4,4,4,2,5,0.222419929
683,0,2,2,1,1,1,1,1,0,4,1,4,4,1,2,2,2,2,2,2.432931
684,0,3,4,3,3,2,4,0,1,2,1,2,1,2,4,4,4,3,4,0.222419929
685,0,4,4,4,2,2,4,1,0,4,1,1,1,4,4,4,4,3,4,0.222419929
686,0,2,4,6,2,5,1,0,0,1,0,1,1,1,5,4,3,4,5,0.222419929
687,0,2,4,1,2,4,2,0,1,4,1,4,4,1,4,4,3,3,3,0.222419929
688,0,4,4,2,4,4,2,0,1,1,0,1,1,1,4,4,4,4,4,0.222419929
689,0,4,4,3,4,4,2,0,1,1,0,1,1,1,4,4,4,3,4,0.222419929
690,0,2,3,2,3,4,4,0,1,5,1,5,1,5,4,4,3,6,3,0.222419929
691,1,2,3,3,4,2,4,0,1,1,0,1,1,1,2,4,3,3,4,0.232173727
692,0,3,4,3,3,3,4,0,1,2,1,2,1,2,2,4,4,4,4,0.222419929
693,0,3,3,1,2,3,3,0,0,1,0,1,1,1,3,3,4,3,3,0.222419929
694,1,2,3,3,3,3,3,1,1,3,1,1,3,3,4,3,3,2,4,0.232173727
695,0,2,3,3,5,5,4,0,0,1,0,1,1,1,3,4,1,4,5,0.222419929
696,0,3,4,1,3,3,3,0,0,1,0,1,1,1,3,3,3,4,3,0.222419929
697,0,3,4,3,3,2,4,0,1,2,1,2,1,2,4,4,4,3,4,0.222419929
698,0,2,4,1,2,4,1,0,0,1,0,1,1,1,4,4,4,4,5,0.222419929
699,NA,2,3,1,2,3,3,0,1,2,1,1,1,2,3,4,5,4,5,0.222419929
700,0,3,4,2,5,3,1,1,0,1,0,1,1,1,5,5,4,3,5,0.222419929
701,0,2,4,1,2,4,1,0,0,1,0,1,1,1,4,4,5,3,5,0.222419929
702,1,3,3,3,3,4,2,0,1,4,1,1,1,4,3,3,4,4,4,0.232173727
703,1,2,3,2,4,3,3,0,1,1,0,1,1,1,2,3,3,4,3,0.222419929
704,0,2,4,1,3,3,3,0,0,1,0,1,1,1,3,3,3,4,3,0.222419929
705,1,2,3,2,4,3,4,0,1,1,0,1,1,1,3,3,3,3,4,0.222419929
706,0,5,1,3,4,4,2,0,1,1,0,1,1,1,4,4,4,3,4,3.511892077
707,0,4,4,4,3,4,4,0,1,1,0,1,1,1,4,4,2,3,5,0.222419929
708,0,5,1,3,4,3,2,0,1,1,0,1,1,1,4,4,4,3,4,3.511892077
709,0,4,4,4,3,3,4,0,1,1,0,1,1,1,4,4,4,3,5,0.222419929
710,0,3,4,NA,1,3,1,1,1,2,1,2,1,2,3,2,3,3,5,0.222419929
711,0,3,4,6,2,5,1,0,0,1,0,1,1,1,4,5,4,4,5,0.222419929
712,0,2,4,6,3,4,3,0,0,1,0,1,1,1,3,4,3,3,3,0.222419929
713,0,3,4,1,2,3,5,1,0,3,1,3,1,3,4,3,2,5,5,0.222419929
714,0,2,NA,1,4,1,3,0,0,3,1,3,1,1,3,3,1,4,1,2.432931
715,0,2,1,2,4,4,4,0,0,2,1,1,1,2,3,3,4,2,4,0.232238469
716,0,2,2,1,2,4,4,0,0,3,1,1,1,3,2,NA,4,4,3,2.432931
717,0,2,4,1,2,5,1,0,0,1,0,1,1,1,4,5,5,2,4,0.222419929
718,0,3,4,1,2,4,2,0,0,1,0,1,1,1,4,4,5,4,4,0.222419929
719,1,3,2,6,6,3,5,0,1,1,0,1,1,1,5,1,1,4,5,3.558718861
720,0,5,1,4,3,3,2,0,1,1,0,1,1,1,4,3,2,6,4,2.95703272
721,0,3,4,2,4,5,4,0,1,3,1,3,1,3,5,1,1,4,4,0.222419929
722,0,4,1,4,4,3,3,0,1,1,0,1,1,1,4,4,4,4,4,2.95703272
723,0,3,4,1,2,5,5,1,0,4,1,4,1,4,4,4,4,6,5,0.222419929
724,0,4,4,4,3,4,4,0,1,1,0,1,1,1,3,4,2,3,4,0.222419929
725,0,5,1,4,4,4,2,0,1,1,0,1,1,1,4,2,2,3,4,2.95703272
726,0,4,4,4,3,4,4,0,1,1,0,1,1,1,4,4,2,3,5,0.222419929
727,0,5,4,4,3,4,4,0,1,1,0,1,1,1,4,4,2,2,4,0.222419929
728,0,4,1,6,4,4,2,0,1,1,0,1,1,1,3,4,4,2,4,3.412350848
729,0,5,1,4,3,4,2,0,1,1,0,1,1,1,5,3,3,5,5,2.95703272
730,0,4,1,4,4,4,2,0,1,1,0,1,1,1,3,4,4,3,4,2.95703272
731,0,3,4,2,2,2,4,1,0,3,1,3,1,3,2,4,4,0,5,0.222419929
732,0,4,1,6,4,4,2,0,1,1,0,1,1,1,3,4,4,3,4,3.412350848
733,0,4,1,4,4,4,2,0,1,1,0,1,1,1,3,4,4,3,4,2.95703272
734,0,5,1,4,3,4,2,0,1,1,0,1,1,1,4,2,4,5,4,2.95703272
735,0,3,4,1,2,5,5,1,1,3,1,3,1,3,4,2,2,6,5,0.222419929
736,0,5,1,4,3,5,2,0,1,1,0,1,1,1,4,2,3,5,4,2.95703272
737,0,3,4,2,2,4,2,1,0,3,1,3,1,3,4,4,4,0,5,0.222419929
738,0,5,1,4,3,5,2,0,1,1,0,1,1,1,4,2,4,5,5,2.95703272
739,0,4,1,6,4,4,2,0,1,1,0,1,1,1,3,4,4,3,4,3.412350848
740,0,4,1,4,4,4,2,0,1,1,0,1,1,1,3,4,4,4,4,2.95703272
741,0,5,1,4,3,4,2,0,1,1,0,1,1,1,5,2,2,6,4,2.95703272
742,0,4,4,4,3,4,4,0,1,1,0,1,1,1,4,4,4,4,5,0.222419929
743,0,4,4,4,3,4,4,0,1,1,0,1,1,1,4,2,2,3,5,0.222419929
744,0,4,4,4,3,4,2,0,1,1,0,1,1,1,4,2,2,3,5,0.222419929
745,0,3,4,1,4,3,2,0,1,3,1,3,1,3,4,4,4,4,5,0.222419929
746,0,3,4,2,5,4,1,1,1,3,1,3,1,3,4,4,4,3,5,0.222419929
747,0,3,4,2,3,4,5,0,0,2,1,1,1,2,4,3,2,5,5,0.222419929
748,0,5,1,4,3,5,1,0,1,1,0,1,1,1,4,2,2,3,4,2.95703272
749,0,3,4,6,2,5,5,1,1,3,1,3,1,3,5,2,2,6,5,0.222419929
750,0,4,1,4,4,4,2,0,1,1,0,1,1,1,4,4,4,3,4,2.95703272
751,0,3,4,2,2,5,5,1,1,3,1,3,1,3,5,2,2,5,5,0.222419929
752,0,5,1,4,3,4,2,0,1,1,0,1,1,1,5,2,2,5,5,2.95703272
753,0,3,4,2,4,3,4,0,1,3,1,1,3,3,4,4,4,4,4,0.222419929
754,0,3,4,2,4,4,3,0,1,3,1,1,1,3,3,4,4,4,4,0.222419929
755,0,2,4,6,2,4,2,0,0,1,0,1,1,1,3,3,3,2,3,0.222419929
756,0,5,4,4,4,5,4,0,1,1,0,1,1,1,3,4,2,3,5,0.222419929
757,0,5,4,4,4,5,4,0,1,1,0,1,1,1,4,4,2,4,5,0.222419929
758,0,4,1,6,4,4,2,0,1,1,0,1,1,1,3,4,4,3,4,3.412350848
759,0,4,1,4,4,4,2,0,1,1,0,1,1,1,3,4,4,4,4,2.95703272
760,0,5,4,4,3,4,4,0,1,1,0,1,1,1,4,4,2,5,5,0.222419929
761,0,3,4,2,2,4,2,1,0,3,1,3,1,3,4,5,4,5,5,0.222419929
762,0,3,4,2,2,4,2,1,0,3,1,3,1,3,4,4,4,5,5,0.222419929
763,0,3,4,2,2,4,2,1,0,3,1,3,1,3,4,4,4,5,5,0.222419929
764,0,3,4,2,2,4,2,1,0,3,1,3,1,3,4,4,4,5,5,0.222419929
765,0,5,1,4,3,5,2,0,1,1,0,1,1,1,4,2,2,4,5,2.95703272
766,0,5,1,4,3,5,2,0,1,1,0,1,1,1,4,2,2,3,4,2.95703272
767,0,5,1,4,3,4,1,0,1,1,0,1,1,1,5,2,1,4,4,2.95703272
768,0,5,1,4,3,4,2,0,1,1,0,1,1,1,4,2,2,4,5,2.95703272
769,0,3,4,6,5,4,2,1,1,3,1,3,1,3,5,4,4,4,4,0.222419929
770,0,4,1,6,4,4,2,0,1,1,0,1,1,1,3,4,4,4,4,3.412350848
771,0,4,1,4,4,4,2,0,1,1,0,1,1,1,3,4,4,3,4,2.95703272
772,0,4,1,6,4,4,2,0,1,1,0,1,1,1,3,4,4,3,4,3.412350848
773,0,5,4,4,3,2,4,0,1,1,0,1,1,1,1,5,2,4,4,0.222419929
774,0,4,1,4,4,4,2,0,1,1,0,1,1,1,3,4,4,4,4,2.95703272
775,0,5,1,4,4,5,2,0,1,1,0,1,1,1,4,2,2,6,4,2.95703272
776,0,5,1,4,3,5,2,0,1,1,0,1,1,1,4,2,2,3,5,2.95703272
777,0,1,2,4,2,3,1,0,0,1,0,1,1,1,3,4,3,4,5,0.232238469
778,0,5,4,4,3,2,2,0,1,1,0,1,1,1,2,4,2,3,5,0.222419929
779,0,5,1,4,3,2,4,0,1,1,0,1,1,1,2,2,2,4,5,2.95703272
780,0,5,1,4,4,4,2,0,1,1,0,1,1,1,4,2,2,6,4,2.95703272
781,0,5,1,4,3,5,2,0,1,1,0,1,1,1,4,1,2,4,4,2.95703272
782,1,2,3,2,4,2,5,0,1,1,0,1,1,1,2,4,1,3,4,0.222419929
783,1,3,1,2,3,3,4,0,0,1,0,1,1,1,4,4,2,1,3,2.565117498
784,0,2,4,1,4,5,1,0,0,1,0,1,1,1,3,2,2,3,3,0.222419929
785,0,2,4,1,2,4,2,0,0,1,0,1,1,1,3,4,4,3,5,0.222419929
786,0,3,4,4,6,4,4,1,1,2,1,1,1,2,4,5,4,3,4,0.222419929
787,0,3,4,1,5,5,1,1,1,3,1,3,3,3,5,5,5,3,4,0.222419929
788,0,2,1,6,4,3,3,0,0,2,1,2,1,2,3,3,3,2,5,0.232238469
789,0,3,4,2,5,4,2,1,1,3,1,3,1,3,4,5,5,5,5,0.222419929
790,0,2,2,4,5,4,4,0,0,3,1,1,1,3,4,2,2,7,4,0.232238469
791,0,1,2,2,5,2,5,0,0,3,1,3,1,3,2,2,3,3,5,0.232238469
792,0,2,2,1,3,3,3,0,1,3,1,1,3,1,3,4,3,3,3,3.511892077
793,NA,3,3,1,1,3,2,0,1,1,0,1,1,1,3,4,3,3,4,0.222419929
794,0,2,4,1,3,3,2,0,1,1,0,1,1,1,4,4,3,2,4,0.222419929
795,0,2,4,1,3,4,2,0,1,1,0,1,1,1,3,3,3,2,4,0.222419929
796,0,2,4,4,5,4,2,0,1,4,1,4,1,4,4,4,4,2,5,0.222419929
797,0,3,4,4,4,4,2,0,1,2,1,1,2,1,4,4,5,3,5,0.222419929
798,0,3,4,4,2,4,3,1,1,1,0,1,1,1,4,4,4,4,4,0.222419929
799,0,3,4,4,2,4,2,1,1,2,1,1,2,2,5,4,4,4,4,0.222419929
800,0,3,4,2,3,3,2,0,1,3,1,3,1,1,4,4,5,4,5,0.222419929
801,1,3,3,6,4,3,3,0,1,1,0,1,1,1,3,2,3,3,4,0.222419929
802,1,3,3,6,4,3,4,0,1,1,0,1,1,1,2,3,2,2,4,0.222419929
803,0,2,2,4,5,1,1,0,0,1,0,1,1,1,3,3,3,5,5,0.232238469
804,1,2,3,4,4,2,4,0,1,1,0,1,1,1,3,3,2,3,4,0.222419929
805,1,1,3,4,4,3,4,0,0,3,1,3,1,3,4,3,3,3,4,0.222419929
806,1,1,3,2,1,2,3,0,1,2,1,1,1,2,3,2,2,3,4,0.222419929
807,0,4,1,6,4,3,5,0,1,2,1,2,1,2,5,2,1,4,5,3.412350848
808,0,2,1,1,1,4,5,0,0,1,0,1,1,1,3,1,2,3,5,2.432931
809,0,2,1,2,1,4,2,0,0,1,0,1,1,1,4,1,4,4,4,0.232238469
810,1,3,3,2,3,3,2,0,1,2,1,2,1,1,4,3,4,5,4,0.222419929
811,1,3,3,2,3,4,2,0,1,1,0,1,1,1,4,4,4,5,4,0.222419929
812,0,2,2,4,1,3,1,0,0,1,0,1,1,1,3,3,3,5,3,0.232238469
813,0,1,1,4,2,4,2,0,0,1,0,1,1,1,4,4,4,1,3,0.232238469
814,0,2,2,6,4,3,3,1,0,1,0,1,1,1,3,3,3,8,5,0.232238469
815,1,2,3,4,1,3,3,0,0,1,0,1,1,1,4,3,2,4,3,0.222419929
816,0,1,1,2,3,2,3,0,0,2,1,1,1,2,4,4,3,2,5,0.232238469
817,0,1,2,4,1,4,1,0,0,1,0,1,1,1,4,4,4,4,4,0.232238469
818,0,2,2,6,3,4,2,0,1,3,1,1,1,3,3,4,4,3,4,3.172756249
819,0,1,1,1,1,2,4,0,1,2,1,1,1,1,3,3,3,3,3,3.511892077
820,0,2,2,4,3,5,4,0,1,1,0,1,1,1,4,5,5,0,4,2.263165175
821,0,3,3,5,1,3,3,0,1,2,1,1,1,2,3,3,2,4,3,0.222419929
822,0,2,4,2,2,3,1,0,0,2,1,1,1,2,5,2,1,3,4,0.222419929
823,0,2,4,1,3,5,4,0,0,3,1,3,1,3,4,1,1,1,2,0.222419929
824,1,3,4,2,3,3,2,0,1,4,1,1,4,4,4,3,4,4,4,0.222419929
825,1,2,4,2,3,4,5,NA,1,1,0,1,1,1,5,2,2,2,5,0.222419929
826,1,3,4,2,3,3,2,0,1,4,1,1,1,4,3,3,4,3,3,0.222419929
827,0,2,2,2,3,3,3,0,1,4,1,1,1,4,3,2,2,6,3,2.263165175
828,0,4,3,3,4,4,5,0,1,1,0,1,1,1,5,4,4,2,4,0.222419929
829,0,4,1,6,4,4,2,0,1,1,0,1,1,1,3,4,4,3,NA,3.412350848
830,0,4,1,6,4,4,2,0,1,1,0,1,1,1,3,4,4,3,5,3.412350848
831,1,4,1,6,4,4,2,0,1,1,0,1,1,1,3,4,4,3,4,3.558718861
832,0,4,1,6,4,4,2,0,1,1,0,1,1,1,3,4,4,3,4,3.412350848
833,0,4,1,6,4,4,3,0,1,1,0,1,1,1,3,4,4,3,4,3.412350848
834,0,4,1,6,4,4,3,0,1,1,0,1,1,1,3,4,4,3,4,3.412350848
835,0,4,1,6,4,4,2,0,1,1,0,1,1,1,3,4,4,3,4,3.412350848
836,0,4,1,6,4,4,2,0,1,1,0,1,1,1,3,4,4,4,4,3.412350848
837,1,3,2,3,2,5,3,1,0,1,0,1,1,1,5,3,2,5,5,3.558718861
838,0,1,2,2,1,5,2,0,1,2,1,1,1,2,3,5,4,3,3,3.214676079
839,1,2,4,1,3,4,3,0,1,3,1,1,1,3,4,4,4,3,5,0.501949734
840,1,4,4,1,6,5,1,0,1,1,0,1,1,1,5,4,4,4,5,0.56609755
841,1,3,4,3,4,3,3,1,1,2,1,2,1,2,3,3,3,3,3,0.232173727
842,1,NA,4,1,4,5,5,0,NA,1,0,1,1,1,5,3,NA,1,5,0.224034476
843,0,1,2,3,3,3,4,0,1,1,0,1,1,1,4,2,3,5,3,3.511892077
844,0,3,2,2,4,2,2,0,0,2,1,1,1,2,3,4,2,4,3,0.232238469
845,1,2,3,1,6,2,3,1,1,1,0,1,1,1,2,3,2,3,5,0.501949734
846,0,2,3,3,4,5,3,1,0,1,0,1,1,1,3,4,2,3,5,0.222419929
847,1,3,4,2,3,3,4,0,1,1,0,1,1,1,2,4,4,1,4,0.222419929
848,1,2,3,1,6,3,2,0,1,3,1,1,1,3,2,2,2,4,3,0.501949734
849,1,2,4,1,3,4,2,1,1,1,0,1,1,1,4,4,4,2,4,0.501949734
850,1,2,4,5,5,4,3,0,1,1,0,1,1,1,5,3,3,5,5,0.232173727
851,1,3,4,3,4,4,5,0,1,1,0,1,1,1,1,5,2,4,3,0.232173727
852,0,3,2,1,2,1,3,0,1,1,0,1,1,1,4,2,2,3,1,3.511892077
853,1,4,4,3,3,3,3,0,1,3,1,1,3,3,3,3,3,5,3,0.232173727
854,1,3,4,1,2,1,4,0,1,3,1,1,1,3,5,2,3,8,2,0.707379899
855,0,2,2,1,1,3,3,0,1,2,1,2,2,2,2,2,3,2,4,3.511892077
856,0,1,2,2,3,2,4,0,1,2,1,2,1,2,2,4,4,1,4,3.214676079
857,1,2,4,3,4,5,5,0,1,3,1,1,3,3,3,2,2,2,3,0.232173727
858,1,2,4,1,3,4,2,0,1,3,1,3,3,3,4,4,2,4,4,0.501949734
859,1,3,4,2,4,2,3,0,1,1,0,1,1,1,2,NA,3,4,3,0.222419929
860,1,1,2,2,2,2,1,0,1,4,1,4,1,4,4,4,5,3,4,3.558718861
861,1,2,4,6,4,4,3,0,1,4,1,1,1,4,2,3,2,4,4,0.222419929
862,1,2,4,6,3,4,2,0,1,1,0,1,1,1,3,5,4,4,4,0.222419929
863,0,1,2,3,4,3,4,0,1,2,1,2,1,2,2,4,3,2,4,3.511892077
864,0,1,2,1,5,4,3,0,1,3,1,1,3,1,4,2,2,4,5,3.511892077
865,1,2,4,1,6,3,2,0,1,1,0,1,1,1,4,4,3,4,5,0.501949734
866,1,3,4,3,2,4,4,0,1,1,0,1,1,1,3,3,3,0,4,0.232173727
867,1,3,4,3,2,4,3,0,1,1,0,1,1,1,2,2,2,0,4,0.232173727
868,1,3,4,1,3,3,3,0,1,1,0,1,1,1,2,3,3,3,3,0.707379899
869,1,2,4,2,3,4,2,0,1,1,0,1,1,1,4,4,4,3,5,0.222419929
870,1,3,4,1,4,2,2,0,1,1,0,1,1,1,4,5,4,7,4,0.707379899
871,1,4,4,3,4,3,3,0,1,3,1,3,1,3,3,3,3,5,3,0.232173727
872,1,2,4,5,3,4,2,0,1,1,0,1,1,1,4,4,4,2,4,0.232173727
873,1,2,4,2,2,4,3,1,1,2,1,1,1,2,5,4,4,4,5,0.222419929
874,1,3,4,2,3,3,1,0,1,1,0,1,1,1,5,4,5,4,3,0.222419929
875,1,3,4,3,1,3,3,0,1,1,0,1,1,1,3,3,3,0,4,0.232173727
876,1,2,4,1,6,5,1,0,1,1,0,1,1,1,3,5,4,4,5,0.501949734
877,1,3,4,3,1,3,3,0,1,1,0,1,1,1,3,3,3,0,3,0.232173727
878,0,2,2,1,3,4,2,1,0,1,0,1,1,1,4,4,2,4,4,2.432931
879,1,2,4,2,4,4,2,0,1,1,0,1,1,1,3,2,3,5,4,0.222419929
880,1,4,4,1,2,2,3,0,1,3,1,1,1,3,4,4,3,8,4,0.56609755
881,1,3,4,3,2,3,3,0,1,1,0,1,1,1,3,3,3,3,3,0.232173727
882,1,3,4,3,2,3,NA,0,1,1,0,1,1,1,3,3,3,4,3,0.232173727
883,1,4,4,3,3,3,3,0,1,4,1,1,4,4,3,3,3,3,3,0.232173727
884,1,2,4,1,6,4,5,0,1,2,1,1,1,2,4,2,2,3,3,0.501949734
885,1,4,4,3,5,3,3,NA,1,5,1,5,5,5,3,3,3,3,3,0.232173727
886,1,2,4,3,5,1,2,0,1,1,0,1,1,1,2,3,1,5,4,0.232173727
887,1,2,4,3,4,4,1,0,1,1,0,1,1,1,4,3,4,3,5,0.232173727
888,0,3,2,3,2,3,3,0,1,NA,NA,NA,NA,NA,3,3,3,8,3,3.511892077
889,1,2,4,2,3,4,2,0,1,1,0,1,1,1,5,2,4,4,4,0.222419929
890,1,3,4,2,2,4,5,0,NA,3,1,1,1,3,4,2,2,4,4,0.222419929
891,1,4,4,3,6,5,3,0,1,4,1,4,4,4,3,3,3,3,3,0.232173727
892,1,3,4,3,3,5,3,1,1,4,1,1,1,4,2,4,5,3,5,0.232173727
893,0,4,NA,3,NA,3,3,0,1,1,0,1,1,1,3,3,3,8,3,3.511892077
894,1,2,4,3,4,4,2,0,1,1,0,1,1,1,4,4,4,3,4,0.232173727
895,1,3,4,1,5,4,5,0,1,2,1,1,1,2,2,4,1,5,5,0.707379899
896,1,3,4,2,3,5,2,0,1,1,0,1,1,1,4,4,4,5,4,0.222419929
897,1,2,2,1,4,4,4,1,1,1,0,1,1,1,4,4,2,4,5,3.558718861
898,1,3,4,2,4,3,4,0,1,2,1,1,1,2,2,3,3,4,4,0.222419929
899,1,4,4,3,4,3,3,0,1,5,1,5,5,5,3,3,3,4,3,0.232173727
900,1,3,4,2,3,4,4,0,1,4,1,1,1,4,4,4,4,4,5,0.222419929
901,1,3,4,1,3,5,5,1,1,3,1,1,3,1,3,2,2,3,4,0.707379899
902,1,3,4,1,3,4,2,0,1,2,1,1,1,2,2,2,2,4,4,0.707379899
903,1,2,4,1,6,5,1,0,1,1,0,1,1,1,5,5,5,4,5,0.501949734
904,0,4,2,3,2,3,3,0,1,1,0,1,1,1,3,3,3,8,3,3.511892077
905,1,3,4,2,5,3,2,1,0,1,0,1,1,1,4,NA,3,4,5,0.222419929
906,0,2,2,2,3,3,4,1,0,1,0,1,1,1,3,3,3,6,3,0.232238469
907,0,4,2,3,2,3,3,0,1,1,0,1,1,1,3,3,3,8,3,3.511892077
908,1,2,4,1,6,5,1,0,1,1,0,1,1,1,NA,5,5,2,5,0.501949734
909,1,2,4,2,1,5,5,0,0,5,1,1,5,5,5,3,3,4,5,0.222419929
910,1,4,4,3,5,3,3,0,1,3,1,3,1,3,3,3,3,3,3,0.232173727
911,1,2,4,1,3,4,5,0,1,2,1,1,1,2,4,4,3,2,4,0.501949734
912,1,3,4,2,4,2,3,0,1,1,0,1,1,1,2,2,3,2,2,0.222419929
913,1,2,4,2,4,2,3,1,1,1,0,1,1,1,2,3,3,3,4,0.222419929
914,1,4,4,3,3,2,5,0,1,1,0,1,1,1,4,4,4,4,5,0.232173727
915,1,4,4,3,3,4,2,0,1,1,0,1,1,1,4,4,1,3,5,0.232173727
916,1,2,4,1,2,1,4,0,1,1,0,1,1,1,2,3,3,5,5,0.501949734
917,1,3,4,2,4,2,4,0,1,1,0,1,1,1,3,3,3,3,5,0.222419929
918,1,3,4,3,5,3,3,0,1,2,1,2,2,2,3,3,3,4,3,0.232173727
919,1,2,4,1,2,2,4,0,1,3,1,3,3,3,1,2,3,4,3,0.501949734
920,0,4,2,3,1,3,3,0,1,1,0,1,1,1,3,3,3,8,3,3.511892077
921,1,4,4,3,1,3,3,0,1,1,0,1,1,1,3,3,3,3,3,0.232173727
922,1,2,4,2,4,2,4,1,1,1,0,1,1,1,3,3,2,3,4,0.222419929
923,1,4,4,3,3,4,4,0,1,1,0,1,1,1,2,4,4,3,5,0.232173727
924,1,4,4,3,3,2,5,0,1,1,0,1,1,1,4,5,2,6,5,0.232173727
925,1,4,4,3,5,3,3,1,1,2,1,2,1,2,3,3,3,4,3,0.232173727
926,1,4,4,3,3,2,4,0,1,1,0,1,1,1,1,4,2,5,5,0.232173727
927,1,2,4,1,3,3,3,0,1,3,1,3,3,3,4,3,3,3,2,0.501949734
928,1,2,4,1,6,5,1,0,1,1,0,1,1,1,NA,5,5,4,5,0.501949734
929,1,2,4,1,5,3,2,1,1,1,0,1,1,1,5,3,2,4,4,0.501949734
930,0,4,2,5,NA,4,4,1,0,1,0,1,1,1,NA,2,2,5,4,0.391381034
931,0,4,2,2,3,3,3,0,1,1,0,1,1,1,3,NA,3,4,3,2.95703272
932,0,4,2,2,2,3,3,0,1,1,0,1,1,1,3,3,3,8,3,2.95703272
933,0,4,2,5,1,4,4,1,0,1,0,1,1,1,4,2,2,5,4,0.391381034
934,0,4,2,2,2,3,3,0,1,1,0,1,1,1,3,3,3,0,3,2.95703272
935,0,4,2,2,1,4,4,1,1,1,0,1,1,1,4,2,2,5,4,2.95703272
936,0,3,2,2,2,3,3,0,1,1,0,1,1,1,3,3,3,8,3,3.405215257
937,0,4,1,6,4,4,2,0,1,1,0,1,1,1,3,4,4,4,4,3.412350848
938,0,4,1,6,4,4,2,0,1,1,0,1,1,1,3,4,4,3,4,3.412350848
939,1,4,1,3,3,4,4,0,1,1,0,1,1,1,2,5,2,4,5,3.558718861
940,1,4,1,3,3,2,4,0,1,1,0,1,1,1,5,4,4,3,5,3.558718861
941,1,4,1,3,3,2,4,0,1,1,0,1,1,1,2,5,2,2,5,3.558718861
942,1,4,1,3,4,5,1,0,1,2,1,1,2,2,5,5,5,2,5,3.558718861
943,1,4,1,3,4,5,5,0,1,1,0,1,1,1,5,5,5,4,5,3.558718861
944,0,4,2,5,2,5,4,1,0,1,0,1,1,1,4,2,2,4,4,0.391381034
945,0,4,2,2,2,3,3,0,1,1,0,1,1,1,3,3,3,0,3,2.95703272
946,0,4,2,5,3,4,4,1,0,1,0,1,1,1,4,2,2,5,NA,0.391381034
947,0,4,2,6,4,2,4,0,1,2,1,2,2,2,4,4,2,4,4,3.412350848
948,0,4,2,2,1,3,3,0,1,1,0,1,1,1,3,3,3,2,3,2.95703272
949,0,4,2,2,3,4,3,0,1,1,0,1,1,1,3,3,3,2,3,2.95703272
950,0,4,2,2,4,4,3,1,1,2,1,1,1,2,3,4,5,5,3,2.95703272
951,1,3,2,1,5,2,5,0,0,2,1,1,1,2,4,4,4,3,5,3.558718861
952,1,4,2,1,4,2,5,0,0,2,1,1,1,2,4,4,4,3,4,3.558718861
953,1,3,2,2,5,2,5,1,0,2,1,2,1,2,4,4,4,4,4,2.565117498
954,1,2,4,6,3,4,2,0,0,2,1,2,1,1,2,4,1,3,5,0.222419929
955,1,1,1,5,4,3,2,0,1,3,1,3,1,3,5,5,4,1,5,3.558718861
956,1,2,4,6,5,4,2,0,1,1,0,1,1,1,2,4,4,4,5,0.222419929
957,0,3,2,6,6,2,5,0,1,3,1,3,1,3,4,4,4,4,5,3.412350848
958,0,4,2,6,4,2,5,0,0,2,1,1,1,2,4,4,4,4,4,0.232238469
959,1,1,3,3,1,5,1,0,1,2,1,1,2,2,5,4,5,4,5,0.232173727
960,1,2,4,3,3,2,3,0,1,1,0,1,1,1,2,5,4,3,3,0.232173727
961,0,1,1,2,2,2,5,0,0,1,0,1,1,1,2,1,1,5,5,0.232238469
962,0,4,2,6,4,2,4,0,0,2,1,2,1,2,4,4,4,4,5,0.232238469
963,1,2,4,5,3,1,3,0,0,2,1,2,1,2,5,2,2,3,5,0.222419929
964,0,4,3,3,5,3,3,0,1,2,1,2,1,2,3,3,4,3,3,0.222419929
965,0,2,1,1,2,2,2,0,0,1,0,1,1,1,4,5,4,5,2,2.432931
966,1,2,4,2,5,2,3,0,1,1,0,1,1,1,4,2,2,7,3,0.222419929
967,1,2,3,6,2,2,5,0,0,2,1,1,1,2,3,4,2,5,5,0.222419929
968,0,1,4,3,4,2,1,0,1,2,1,2,1,1,2,2,2,1,5,0.222419929
969,1,3,3,3,5,4,3,0,1,1,0,1,1,1,1,4,4,5,4,0.232173727
970,1,2,4,2,4,4,4,0,0,1,0,1,1,1,1,4,4,2,4,0.222419929
971,1,3,3,3,4,4,3,0,1,3,1,3,3,3,4,3,4,5,4,0.232173727
972,1,2,3,5,3,3,3,1,0,5,1,5,5,5,4,2,2,4,5,0.222419929
973,0,2,3,2,4,3,5,0,0,2,1,2,1,1,4,3,2,4,5,0.222419929
974,0,1,2,1,1,2,2,0,1,2,1,2,1,2,1,4,2,5,3,3.511892077
975,0,3,3,1,3,4,2,0,1,3,1,3,1,3,4,5,5,8,3,0.222419929
976,0,2,3,2,4,5,1,0,1,3,1,3,3,3,4,2,1,3,4,0.222419929
977,0,2,3,5,5,4,3,1,1,2,1,1,1,2,4,3,3,3,4,0.222419929
978,0,2,3,1,6,3,4,0,1,3,1,1,1,3,3,4,4,5,3,0.222419929
979,1,2,2,2,2,5,2,0,0,1,0,1,1,1,3,2,3,1,5,1.683689717
980,1,2,3,1,4,5,4,0,1,4,1,4,1,4,2,3,2,2,4,0.501949734
981,0,2,3,5,2,5,5,1,1,3,1,3,1,3,5,1,1,6,5,0.222419929
982,0,2,2,3,5,3,4,0,0,2,1,2,1,2,4,3,3,5,3,0.299543499
983,0,1,2,2,3,5,3,0,1,3,1,3,3,3,3,4,3,3,4,3.214676079
984,1,2,2,2,3,1,5,0,0,2,1,2,2,2,3,1,2,3,4,1.683689717
985,1,2,4,2,3,5,2,0,1,5,1,5,1,1,5,4,5,5,4,0.222419929
986,1,2,4,5,6,4,3,0,1,1,0,1,1,1,3,4,3,6,5,0.232173727
987,0,2,3,6,1,4,4,0,1,1,0,1,1,1,4,3,3,2,5,0.222419929
988,0,2,3,2,2,4,2,0,0,3,1,3,3,3,5,3,4,5,3,0.222419929
989,1,2,4,2,5,5,1,0,1,3,1,1,1,3,1,5,3,2,4,0.222419929
990,0,1,2,2,1,2,1,0,0,1,0,1,1,1,1,3,3,0,3,0.232238469
991,1,1,3,2,3,2,3,1,1,4,1,4,1,4,4,1,1,3,3,0.222419929
992,0,4,3,2,4,2,2,0,1,1,0,1,1,1,2,4,4,3,3,0.222419929
993,1,2,4,3,4,2,4,0,0,2,1,1,1,2,2,4,1,2,4,0.222419929
994,1,4,1,3,1,5,1,1,0,5,1,5,1,1,5,3,3,3,4,3.558718861
995,0,1,2,2,4,3,2,0,0,2,1,2,1,2,3,4,2,2,5,0.232238469
996,0,1,2,5,4,2,1,0,1,1,0,1,1,1,1,2,2,3,5,3.511892077
997,1,3,4,3,3,4,3,0,1,3,1,3,1,3,4,2,2,3,2,0.232173727
998,1,2,4,6,4,3,4,1,1,2,1,1,1,2,3,2,2,3,5,0.222419929
999,0,1,2,3,1,4,3,0,1,4,1,1,1,4,4,4,3,5,4,3.511892077
1000,1,2,4,2,4,3,3,0,0,3,1,3,3,3,3,5,2,6,5,0.222419929
1001,0,2,3,3,2,4,2,0,0,2,1,1,1,2,4,2,2,5,5,0.222419929
1002,0,2,3,6,6,2,5,0,0,3,1,1,1,3,1,1,1,2,5,0.222419929
1003,1,2,3,5,2,4,4,0,1,3,1,3,1,3,4,3,3,4,4,0.232173727
1004,1,2,4,2,2,4,2,0,1,5,1,1,5,5,2,2,2,2,4,0.222419929
1005,0,3,3,2,6,5,1,0,1,5,1,5,1,1,4,1,1,7,5,0.222419929
1006,1,3,4,2,5,4,4,0,1,4,1,1,1,4,2,4,4,6,4,0.222419929
1007,1,2,4,1,5,2,3,1,1,1,0,1,1,1,2,2,4,5,4,0.501949734
1008,1,2,4,3,3,3,2,0,0,3,1,1,1,3,3,2,2,3,5,0.222419929
1009,0,2,3,3,2,3,3,1,0,3,1,1,3,1,3,3,3,4,3,0.222419929
1010,0,4,2,3,4,5,3,0,0,3,1,1,1,3,4,3,4,3,4,0.391381034
1011,0,4,4,3,4,5,4,0,1,1,0,1,1,1,2,4,1,5,4,0.222419929
1012,0,2,4,2,5,4,4,0,1,3,1,1,1,3,3,4,2,4,5,0.222419929
1013,0,3,4,1,6,4,5,0,1,3,1,3,1,3,4,3,3,4,5,0.222419929
1014,1,1,1,5,3,4,5,0,1,2,1,1,1,2,3,3,3,2,5,3.558718861
1015,0,3,2,2,1,4,5,0,1,1,0,1,1,1,5,3,3,4,5,3.405215257
1016,0,2,4,1,5,3,4,1,1,2,1,1,1,2,4,3,3,4,4,0.222419929
1017,0,2,4,1,5,3,4,1,1,2,1,1,1,2,4,3,2,4,4,0.222419929
1018,0,2,4,1,5,3,4,1,1,2,1,1,1,2,4,3,3,4,4,0.222419929
1019,1,2,4,3,6,4,1,1,1,2,1,1,1,2,5,4,1,6,5,0.232173727
1020,1,2,4,6,4,4,4,0,1,2,1,1,2,2,3,3,1,2,5,0.222419929
1021,0,2,3,2,4,5,5,0,1,3,1,3,1,3,4,4,4,3,5,0.222419929
1022,1,1,2,3,4,4,3,0,0,2,1,1,1,2,4,2,2,5,4,3.558718861
1023,1,1,1,2,1,2,3,0,0,1,0,1,1,1,4,3,2,4,4,2.391569611
1024,0,3,4,5,5,4,4,0,1,1,0,1,1,1,3,2,3,4,3,0.222419929
1025,0,3,4,1,5,3,4,0,0,1,0,1,1,1,2,3,2,5,3,0.222419929
1026,1,1,2,6,2,2,4,0,0,2,1,2,2,2,2,3,1,5,4,2.939458215
1027,1,2,4,1,5,4,5,0,0,2,1,2,1,2,2,4,2,3,4,0.222419929
1028,1,2,3,2,3,3,2,1,0,4,1,1,4,1,5,4,5,5,3,0.222419929
1029,0,2,3,6,3,4,4,0,1,2,1,2,2,2,3,1,1,1,4,0.222419929
1030,0,2,4,3,NA,5,5,0,0,1,0,1,1,1,5,2,NA,3,5,0.222419929
1031,0,3,4,2,5,4,5,0,1,2,1,1,1,2,2,2,2,3,4,0.222419929
1032,0,NA,3,5,3,3,4,0,0,1,0,1,1,1,2,2,2,3,2,0.222419929
1033,NA,2,4,1,4,5,5,0,0,1,0,1,1,1,2,1,1,4,5,0.222419929
1034,0,1,2,2,4,4,4,0,0,3,1,3,1,3,4,4,2,3,4,0.232238469
1035,0,2,2,6,4,4,2,0,1,3,1,1,3,1,3,4,4,0,4,3.172756249
1036,0,1,1,2,1,3,1,1,0,2,1,1,1,2,3,4,3,1,4,0.232238469
1037,1,1,1,3,1,4,2,0,1,2,1,1,1,2,3,3,2,0,3,3.558718861
1038,0,2,1,2,4,3,2,0,0,3,1,1,1,3,4,2,2,4,3,0.232238469
1039,0,2,2,2,1,3,3,0,0,1,0,1,1,1,3,3,3,0,3,0.232238469
1040,1,1,2,3,6,4,4,0,0,2,1,1,1,2,3,2,2,2,3,3.558718861
1041,0,4,3,3,2,4,2,0,0,4,1,1,1,4,5,4,2,1,3,0.222419929
1042,0,2,5,3,4,4,2,0,1,3,1,3,3,3,3,4,4,3,5,0.222419929
1043,1,2,4,2,6,4,1,0,1,3,1,3,1,3,4,4,3,4,4,0.222419929
1044,1,2,4,1,5,5,1,0,0,1,0,1,1,1,3,3,3,8,5,0.222419929
1045,1,2,4,2,5,5,5,0,1,4,1,4,4,4,4,3,1,2,4,0.222419929
1046,1,1,1,3,3,3,5,0,1,2,1,1,1,2,4,5,2,4,5,3.558718861
1047,0,2,3,1,1,5,1,0,1,1,0,1,1,1,5,1,5,5,5,0.222419929
1048,1,2,3,2,1,1,5,0,0,1,0,1,1,1,2,1,1,5,5,0.222419929
1049,1,2,3,2,4,4,5,0,0,2,1,1,2,2,3,2,2,3,5,0.222419929
1050,1,2,3,2,3,1,2,0,0,2,1,2,1,2,1,4,3,5,2,0.222419929
1051,0,2,2,2,1,NA,4,1,1,5,1,5,1,1,2,1,1,1,1,2.263165175
1052,1,3,4,5,4,4,5,0,0,1,0,1,1,1,3,2,2,5,5,0.222419929
1053,0,2,2,6,4,3,5,0,1,4,1,4,1,4,4,3,2,3,4,3.172756249
1054,1,2,4,2,5,4,2,0,0,3,1,3,1,3,5,3,2,4,4,0.222419929
1055,1,2,2,2,2,3,1,0,0,2,1,1,1,2,3,4,2,4,5,1.683689717
1056,1,2,4,2,4,3,3,0,0,4,1,4,1,4,5,4,4,2,5,0.222419929
1057,1,2,3,2,2,3,2,0,1,2,1,1,1,2,5,5,2,5,2,0.222419929
1058,1,2,4,2,4,4,5,0,0,3,1,1,1,3,3,4,4,3,3,0.222419929
1059,1,2,3,2,5,4,2,0,0,2,1,2,2,2,5,2,2,4,2,0.222419929
1060,1,3,4,2,1,4,3,0,0,1,0,1,1,1,3,3,3,4,4,0.222419929
1061,1,2,4,2,1,2,2,0,0,2,1,1,1,2,4,2,2,5,3,0.222419929
1062,1,3,3,1,4,2,4,0,0,1,0,1,1,1,3,3,2,4,3,0.222419929
1063,1,2,3,1,2,3,1,0,1,3,1,3,3,3,4,3,3,5,5,0.501949734
1064,1,1,2,5,2,3,5,0,0,1,0,1,1,1,2,1,4,4,5,3.558718861
1065,1,2,3,3,3,3,3,0,0,2,1,1,1,2,5,3,2,5,5,0.222419929
1066,1,2,3,2,2,3,1,0,1,4,1,4,4,4,3,4,3,4,5,0.222419929
1067,1,3,4,1,5,5,5,0,1,3,1,3,1,3,2,5,1,0,5,0.707379899
1068,1,1,2,2,5,1,5,0,0,4,1,4,4,4,1,4,1,4,3,2.391569611
1069,1,3,4,1,3,3,4,0,1,5,1,5,5,5,3,2,3,3,4,0.707379899
1070,1,3,4,1,3,3,3,1,1,4,1,4,1,4,4,3,3,4,3,0.707379899
1071,1,3,4,6,2,3,3,0,0,1,0,1,1,1,3,3,3,3,4,0.222419929
1072,1,1,2,3,2,2,4,0,0,3,1,3,1,3,2,2,1,3,3,3.558718861
1073,1,3,4,2,3,3,3,0,1,4,1,4,1,4,4,3,2,3,3,0.222419929
1074,1,1,2,1,3,4,2,0,0,4,1,4,4,4,4,4,4,4,4,3.558718861
1075,1,3,4,6,5,3,3,0,1,1,0,1,1,1,3,4,2,3,3,0.222419929
1076,1,3,4,1,1,4,3,0,1,1,0,1,1,1,3,4,3,3,4,0.707379899
1077,1,1,4,2,3,3,2,0,0,2,1,1,2,2,2,3,2,1,4,0.222419929
1078,1,3,4,1,2,4,4,0,1,2,1,1,2,1,4,3,3,3,4,0.707379899
1079,1,3,4,6,4,2,3,0,1,1,0,1,1,1,3,3,3,4,4,0.222419929
1080,1,3,4,2,4,4,3,0,1,1,0,1,1,1,3,3,3,3,4,0.222419929
1081,1,3,4,3,5,4,1,0,1,1,0,1,1,1,3,3,3,3,3,0.232173727
1082,1,3,4,1,2,4,4,0,1,1,0,1,1,1,3,3,3,3,4,0.707379899
1083,1,3,4,3,5,2,3,0,1,1,0,1,1,1,4,3,4,3,4,0.232173727
1084,1,4,4,2,3,3,3,0,0,3,1,3,1,3,3,3,3,4,3,0.222419929
1085,1,1,1,2,2,4,4,0,1,1,0,1,1,1,4,3,3,3,3,3.558718861
1086,1,1,1,2,3,5,2,0,1,2,1,1,2,1,5,2,1,3,4,3.558718861
1087,1,1,1,2,3,5,2,0,0,1,0,1,1,1,3,2,2,3,4,2.391569611
1088,1,3,3,5,2,2,3,0,1,1,0,1,1,1,2,2,2,4,4,0.232173727
1089,1,3,3,3,2,3,2,0,1,1,0,1,1,1,4,4,3,5,5,0.232173727
1090,1,3,3,5,2,3,2,0,1,1,0,1,1,1,2,2,2,2,4,0.232173727
1091,1,1,1,6,3,4,2,0,1,2,1,2,1,2,2,4,4,3,4,3.558718861
1092,1,1,1,1,4,5,2,0,1,3,1,1,1,3,3,2,2,2,5,3.558718861
1093,1,4,3,2,3,3,3,0,0,3,1,3,3,3,3,3,3,1,3,0.222419929
1094,1,3,3,1,3,4,4,0,1,3,1,1,1,3,3,3,4,4,3,0.707379899
1095,1,1,2,6,4,2,3,0,0,2,1,1,1,2,4,1,2,4,4,2.939458215
1096,1,3,3,5,3,3,3,0,1,1,0,1,1,1,4,4,4,3,5,0.232173727
1097,1,1,2,2,4,2,2,0,1,1,0,1,1,1,5,2,1,3,4,3.558718861
1098,1,1,2,2,3,4,2,0,1,1,0,1,1,1,4,2,4,2,4,3.558718861
1099,1,1,1,2,1,3,2,0,0,3,1,1,1,3,3,3,3,5,4,2.391569611
1100,1,4,3,2,3,3,3,0,0,3,1,1,3,1,3,3,3,4,3,0.222419929
1101,1,3,3,1,3,2,4,0,1,5,1,5,5,5,3,3,2,6,3,0.707379899
1102,1,1,3,3,3,NA,3,0,0,2,1,1,1,2,2,3,3,4,3,0.222419929
1103,1,3,3,1,4,4,5,0,0,2,1,1,1,2,3,4,4,2,4,0.222419929
1104,1,4,3,2,3,3,3,0,NA,3,1,3,3,3,3,3,3,3,3,0.222419929
1105,1,3,3,1,2,3,3,0,0,2,1,1,1,2,3,3,3,3,4,0.222419929
1106,1,1,2,2,4,5,2,0,1,4,1,4,1,1,4,4,3,3,4,3.558718861
1107,1,1,2,2,3,4,1,0,0,3,1,1,3,3,4,3,3,2,4,2.391569611
1108,1,4,3,2,3,3,3,0,0,4,1,1,4,4,3,3,3,3,3,0.222419929
1109,1,4,3,2,4,4,4,0,0,1,0,1,1,1,4,4,4,4,5,0.222419929
1110,1,1,1,2,1,4,3,0,1,1,0,1,1,1,4,3,1,3,3,3.558718861
1111,1,4,3,2,3,3,3,0,0,4,1,1,4,4,3,5,3,6,3,0.222419929
1112,1,4,3,2,3,3,3,0,0,3,1,1,3,3,3,3,3,2,3,0.222419929
1113,1,1,2,2,3,3,1,0,1,3,1,1,3,3,3,3,2,4,4,3.558718861
1114,1,3,2,2,5,5,1,0,0,1,0,1,1,1,4,5,5,3,4,2.565117498
1115,1,3,2,1,4,4,5,0,0,2,1,1,1,2,3,4,4,4,4,3.558718861
1116,1,3,2,1,3,3,5,0,1,1,0,1,1,1,2,NA,4,3,4,3.558718861
1117,1,3,3,1,1,2,3,0,0,2,1,2,2,2,3,2,2,4,3,0.222419929
1118,1,3,3,1,3,4,4,0,1,1,0,1,1,1,3,3,2,3,3,0.707379899
1119,1,3,3,1,5,3,5,0,1,3,1,1,1,3,4,5,4,2,4,0.707379899
1120,1,3,2,1,1,2,4,0,1,1,0,1,1,1,2,2,2,2,3,3.558718861
1121,1,3,2,1,1,3,4,0,1,3,1,3,3,3,3,3,2,2,2,3.558718861
1122,1,3,3,1,4,3,5,0,NA,4,1,1,1,4,4,3,4,5,4,0.224034476
1123,1,3,2,1,1,2,3,0,0,1,0,1,1,1,3,2,2,3,3,3.558718861
1124,1,3,4,6,3,4,2,1,1,3,1,1,1,3,4,4,4,3,4,0.222419929
